ID_животного,Вид,Время_наблюдения,Тип_локации,Уровень_шума_дБ,Плотность_населения,Оценка_источника_пищи,Оценка_качества_укрытия,Оценка_аномалии_поведения,Оценка_суточной_дистанции_км,Сигнал_адаптации
HAYVAN_0001,Лиса,Ночь,Торговая зона,46.3,51.6,9,4,0.36,0.42,Инновационность
HAYVAN_0002,Голубь,Ночь,Жилая зона,51.5,59.0,6,8,0.16,0.27,Эксплуатация
HAYVAN_0003,Енот,После полудня,Торговая зона,75.9,59.1,7,1,0.1,0.66,Избегание
HAYVAN_0004,Голубь,После полудня,Жилая зона,71.9,30.8,7,8,0.05,0.99,Привыкание
HAYVAN_0005,Лиса,Ночь,Парк,52.8,27.9,4,7,0.25,0.64,Эксплуатация
HAYVAN_0006,Голубь,Вечер,Жилая зона,77.9,28.8,8,3,0.26,0.56,Эксплуатация
HAYVAN_0007,Белка,После полудня,Промышленная зона,54.1,-10.1,7,5,0.3,1.4,Избегание
HAYVAN_0008,Лиса,После полудня,Парк,65.2,40.5,5,6,0.19,1.41,Привыкание
HAYVAN_0009,Голубь,Ночь,Торговая зона,60.2,65.2,6,10,0.31,1.33,Избегание
HAYVAN_0010,Голубь,Утро,Жилая зона,55.8,38.5,4,3,0.24,4.22,Инновационность
HAYVAN_0011,Голубь,После полудня,Жилая зона,76.7,8.7,9,3,0.41,3.36,Избегание
HAYVAN_0012,Лиса,Вечер,Жилая зона,81.8,15.1,1,3,0.37,0.8,Избегание
HAYVAN_0013,Голубь,Утро,Торговая зона,66.8,15.9,3,7,0.28,1.64,Избегание
HAYVAN_0014,Енот,Ночь,Промышленная зона,80.3,54.9,4,5,0.36,0.63,Избегание
HAYVAN_0015,Голубь,После полудня,Торговая зона,62.2,37.5,4,2,0.23,1.08,Привыкание
HAYVAN_0016,Лиса,Утро,Жилая зона,66.1,39.6,9,4,0.1,0.15,Привыкание
HAYVAN_0017,Енот,Ночь,Парк,66.3,35.3,2,3,0.08,0.66,Избегание
HAYVAN_0018,Енот,Вечер,Жилая зона,53.4,13.3,2,6,0.2,1.55,Привыкание
HAYVAN_0019,Голубь,После полудня,Парк,70.0,15.8,1,4,0.31,0.9,Эксплуатация
HAYVAN_0020,Голубь,Ночь,Жилая зона,72.1,40.2,7,6,0.1,0.34,Инновационность
HAYVAN_0021,Лиса,После полудня,Промышленная зона,63.3,31.3,10,10,0.09,0.06,Эксплуатация
HAYVAN_0022,Белка,После полудня,Промышленная зона,48.1,2.1,9,2,0.38,1.26,Избегание
HAYVAN_0023,Лиса,Вечер,Торговая зона,68.7,41.8,1,1,0.27,1.68,Эксплуатация
HAYVAN_0024,Лиса,Утро,Промышленная зона,49.8,51.3,2,9,0.28,1.95,Привыкание
HAYVAN_0025,Лиса,Вечер,Парк,56.9,30.1,10,3,0.19,0.18,Привыкание
HAYVAN_0026,Голубь,После полудня,Торговая зона,66.3,25.3,10,1,0.26,2.84,Инновационность
HAYVAN_0027,Голубь,Вечер,Промышленная зона,57.3,50.5,9,1,0.44,0.02,Эксплуатация
HAYVAN_0028,Енот,После полудня,Жилая зона,67.5,27.1,1,1,0.32,1.24,Инновационность
HAYVAN_0029,Голубь,Вечер,Промышленная зона,62.7,20.8,1,5,0.51,2.12,Избегание
HAYVAN_0030,Лиса,После полудня,Торговая зона,48.7,6.9,4,1,0.18,0.52,Избегание
HAYVAN_0031,Енот,Вечер,Промышленная зона,66.7,22.6,5,10,0.23,0.06,Инновационность
HAYVAN_0032,Голубь,Ночь,Парк,70.9,58.0,2,4,0.26,2.1,Привыкание
HAYVAN_0033,Голубь,Вечер,Парк,75.1,47.5,3,4,0.4,1.04,Эксплуатация
HAYVAN_0034,Голубь,Утро,Парк,61.3,31.8,4,3,0.1,3.27,Инновационность
HAYVAN_0035,Голубь,Ночь,Парк,64.4,29.9,4,2,0.69,3.61,Инновационность
HAYVAN_0036,Голубь,Ночь,Парк,50.0,44.8,4,9,0.63,3.77,Эксплуатация
HAYVAN_0037,Голубь,Вечер,Торговая зона,84.6,31.5,10,4,0.25,7.64,Эксплуатация
HAYVAN_0038,Белка,Вечер,Промышленная зона,80.1,11.0,9,8,0.53,1.33,Привыкание
HAYVAN_0039,Белка,После полудня,Торговая зона,64.7,32.2,4,4,0.15,0.28,Избегание
HAYVAN_0040,Голубь,Утро,Промышленная зона,63.8,32.6,6,8,0.51,1.23,Привыкание
HAYVAN_0041,Лиса,Вечер,Парк,35.7,30.2,6,6,0.42,0.06,Привыкание
HAYVAN_0042,Енот,Утро,Жилая зона,75.4,33.9,1,6,0.21,0.07,Эксплуатация
HAYVAN_0043,Голубь,После полудня,Жилая зона,70.6,19.6,3,9,0.13,1.14,Эксплуатация
HAYVAN_0044,Голубь,Утро,Жилая зона,73.1,32.3,4,5,0.35,1.43,Избегание
HAYVAN_0045,Белка,Ночь,Промышленная зона,60.9,6.0,8,4,0.09,1.27,Инновационность
HAYVAN_0046,Голубь,После полудня,Промышленная зона,60.3,16.2,5,9,0.25,1.87,Избегание
HAYVAN_0047,Голубь,Ночь,Торговая зона,52.6,26.3,7,5,0.15,1.11,Инновационность
HAYVAN_0048,Белка,Утро,Торговая зона,72.8,39.0,7,7,0.23,0.67,Эксплуатация
HAYVAN_0049,Голубь,Ночь,Промышленная зона,77.5,25.5,3,10,0.43,0.63,Избегание
HAYVAN_0050,Лиса,Ночь,Парк,76.2,36.6,8,8,0.16,1.87,Избегание
HAYVAN_0051,Енот,После полудня,Парк,66.9,45.3,1,3,0.26,0.6,Эксплуатация
HAYVAN_0052,Белка,Ночь,Парк,61.7,66.3,2,1,0.1,0.08,Инновационность
HAYVAN_0053,Лиса,Ночь,Жилая зона,54.5,25.6,4,10,0.39,0.38,Избегание
HAYVAN_0054,Голубь,После полудня,Торговая зона,58.0,20.3,8,6,0.22,2.41,Привыкание
HAYVAN_0055,Голубь,Ночь,Жилая зона,69.7,30.6,4,1,0.31,1.07,Эксплуатация
HAYVAN_0056,Голубь,Утро,Торговая зона,62.2,33.0,3,8,0.53,0.47,Избегание
HAYVAN_0057,Голубь,Ночь,Парк,81.4,38.2,6,3,0.61,1.31,Избегание
HAYVAN_0058,Лиса,Утро,Парк,76.5,42.2,4,8,0.13,0.65,Избегание
HAYVAN_0059,Белка,После полудня,Парк,59.0,25.8,4,1,0.25,3.39,Привыкание
HAYVAN_0060,Голубь,После полудня,Жилая зона,52.8,40.9,2,2,0.05,0.82,Эксплуатация
HAYVAN_0061,Лиса,Ночь,Парк,59.5,31.2,6,7,0.24,1.53,Избегание
HAYVAN_0062,Голубь,После полудня,Парк,75.7,48.4,3,5,0.12,0.91,Эксплуатация
HAYVAN_0063,Лиса,После полудня,Жилая зона,59.8,25.8,9,10,0.29,0.95,Эксплуатация
HAYVAN_0064,Лиса,Вечер,Парк,70.5,32.1,7,5,0.38,0.91,Инновационность
HAYVAN_0065,Белка,Утро,Парк,59.3,34.1,6,9,0.31,0.36,Инновационность
HAYVAN_0066,Енот,Ночь,Жилая зона,68.4,47.0,1,10,0.31,3.56,Привыкание
HAYVAN_0067,Лиса,Ночь,Промышленная зона,70.3,29.9,10,5,0.32,0.9,Избегание
HAYVAN_0068,Енот,После полудня,Торговая зона,74.9,14.5,7,9,0.07,4.52,Привыкание
HAYVAN_0069,Енот,Вечер,Парк,79.3,4.6,10,1,0.25,1.77,Инновационность
HAYVAN_0070,Голубь,После полудня,Парк,78.1,45.5,3,1,0.27,1.57,Эксплуатация
HAYVAN_0071,Енот,Ночь,Жилая зона,59.7,39.6,9,2,0.17,1.05,Инновационность
HAYVAN_0072,Белка,После полудня,Промышленная зона,63.5,54.9,3,9,0.53,5.2,Инновационность
HAYVAN_0073,Лиса,Вечер,Жилая зона,53.3,31.4,2,6,0.11,0.61,Эксплуатация
HAYVAN_0074,Лиса,После полудня,Промышленная зона,62.6,31.3,5,7,0.44,1.95,Привыкание
HAYVAN_0075,Енот,Вечер,Жилая зона,65.2,32.7,10,1,0.55,0.36,Эксплуатация
HAYVAN_0076,Голубь,Вечер,Жилая зона,61.0,22.0,10,8,0.12,0.47,Инновационность
HAYVAN_0077,Голубь,После полудня,Промышленная зона,60.0,19.4,1,3,0.55,1.21,Избегание
HAYVAN_0078,Енот,Ночь,Промышленная зона,75.3,36.6,4,8,0.39,0.64,Избегание
HAYVAN_0079,Енот,Вечер,Торговая зона,74.1,47.7,10,4,0.24,1.03,Привыкание
HAYVAN_0080,Лиса,Ночь,Жилая зона,69.0,39.1,1,6,0.12,0.38,Привыкание
HAYVAN_0081,Голубь,Вечер,Парк,52.2,22.8,5,2,0.64,0.6,Эксплуатация
HAYVAN_0082,Лиса,Ночь,Парк,67.0,36.4,3,7,0.16,0.38,Привыкание
HAYVAN_0083,Голубь,Ночь,Промышленная зона,61.2,32.6,4,4,0.45,0.24,Эксплуатация
HAYVAN_0084,Голубь,После полудня,Торговая зона,78.2,21.5,9,6,0.43,1.28,Привыкание
HAYVAN_0085,Белка,После полудня,Жилая зона,47.0,11.7,8,5,0.32,0.16,Привыкание
HAYVAN_0086,Белка,Ночь,Торговая зона,59.4,17.5,3,6,0.34,1.99,Привыкание
HAYVAN_0087,Голубь,После полудня,Промышленная зона,59.1,47.9,9,10,0.28,4.11,Привыкание
HAYVAN_0088,Енот,Вечер,Промышленная зона,60.3,33.8,2,10,0.03,1.86,Эксплуатация
HAYVAN_0089,Голубь,Ночь,Промышленная зона,74.6,20.9,1,8,0.3,0.71,Привыкание
HAYVAN_0090,Голубь,Утро,Торговая зона,41.5,31.1,7,8,0.33,0.3,Привыкание
HAYVAN_0091,Лиса,Ночь,Парк,62.9,39.2,6,1,0.32,3.33,Эксплуатация
HAYVAN_0092,Белка,Вечер,Парк,73.5,21.9,7,7,0.35,2.0,Избегание
HAYVAN_0093,Голубь,Вечер,Парк,74.8,18.5,1,1,0.59,0.44,Привыкание
HAYVAN_0094,Лиса,Вечер,Торговая зона,59.5,3.4,9,4,0.39,2.87,Избегание
HAYVAN_0095,Голубь,Вечер,Жилая зона,58.2,46.3,10,10,0.37,0.49,Привыкание
HAYVAN_0096,Лиса,Ночь,Торговая зона,68.5,38.8,3,7,0.21,0.53,Избегание
HAYVAN_0097,Енот,После полудня,Парк,66.5,40.0,1,1,0.48,0.99,Избегание
HAYVAN_0098,Голубь,Вечер,Промышленная зона,65.7,38.4,8,9,0.14,2.41,Привыкание
HAYVAN_0099,Енот,Ночь,Промышленная зона,27.0,-0.4,4,1,0.27,0.27,Эксплуатация
HAYVAN_0100,Голубь,Ночь,Парк,53.7,31.6,7,2,0.34,0.26,Эксплуатация
HAYVAN_0101,Голубь,Ночь,Жилая зона,56.4,36.7,2,2,0.43,0.17,Инновационность
HAYVAN_0102,Лиса,Вечер,Промышленная зона,71.4,31.1,7,6,0.27,1.49,Избегание
HAYVAN_0103,Енот,Утро,Жилая зона,50.6,-5.3,8,9,0.37,0.94,Избегание
HAYVAN_0104,Енот,Вечер,Промышленная зона,54.5,28.1,2,2,0.06,1.71,Привыкание
HAYVAN_0105,Голубь,Ночь,Парк,63.5,26.1,8,4,0.73,0.2,Эксплуатация
HAYVAN_0106,Лиса,Вечер,Торговая зона,52.1,45.6,9,4,0.56,0.67,Привыкание
HAYVAN_0107,Белка,После полудня,Торговая зона,71.4,28.4,1,3,0.05,1.0,Эксплуатация
HAYVAN_0108,Голубь,Утро,Жилая зона,61.1,22.2,8,1,0.11,2.03,Инновационность
HAYVAN_0109,Белка,Утро,Парк,83.3,22.2,3,1,0.12,4.24,Эксплуатация
HAYVAN_0110,Голубь,Вечер,Промышленная зона,58.7,40.8,8,10,0.15,1.13,Эксплуатация
HAYVAN_0111,Голубь,Утро,Жилая зона,59.2,40.1,4,9,0.44,5.03,Привыкание
HAYVAN_0112,Голубь,Утро,Парк,73.0,26.8,8,2,0.24,3.01,Эксплуатация
HAYVAN_0113,Енот,Ночь,Торговая зона,58.4,24.0,6,2,0.32,0.58,Избегание
HAYVAN_0114,Белка,Ночь,Торговая зона,80.1,-4.5,3,10,0.54,0.76,Инновационность
HAYVAN_0115,Голубь,Утро,Торговая зона,69.8,-0.6,5,8,0.11,1.19,Инновационность
HAYVAN_0116,Голубь,Вечер,Жилая зона,62.0,17.5,8,2,0.08,0.21,Избегание
HAYVAN_0117,Голубь,Утро,Торговая зона,63.4,27.8,10,2,0.19,1.07,Привыкание
HAYVAN_0118,Голубь,Ночь,Жилая зона,93.5,18.1,3,2,0.56,0.94,Избегание
HAYVAN_0119,Енот,Ночь,Промышленная зона,69.9,7.3,10,4,0.19,0.45,Привыкание
HAYVAN_0120,Белка,Утро,Торговая зона,66.5,29.4,3,5,0.27,6.04,Привыкание
HAYVAN_0121,Белка,Утро,Торговая зона,63.7,29.7,10,4,0.45,0.44,Эксплуатация
HAYVAN_0122,Енот,После полудня,Торговая зона,75.4,49.6,1,10,0.36,1.42,Привыкание
HAYVAN_0123,Голубь,После полудня,Торговая зона,49.8,24.6,2,10,0.18,0.16,Привыкание
HAYVAN_0124,Голубь,Вечер,Промышленная зона,63.2,26.5,4,2,0.49,0.9,Привыкание
HAYVAN_0125,Белка,Ночь,Жилая зона,36.7,19.2,2,5,0.17,3.12,Избегание
HAYVAN_0126,Белка,Ночь,Промышленная зона,59.7,69.1,1,5,0.2,0.8,Избегание
HAYVAN_0127,Голубь,Ночь,Парк,73.5,39.7,1,7,0.29,0.07,Избегание
HAYVAN_0128,Голубь,После полудня,Промышленная зона,78.8,17.6,4,4,0.56,0.6,Привыкание
HAYVAN_0129,Белка,Вечер,Жилая зона,71.1,0.5,7,6,0.32,1.45,Избегание
HAYVAN_0130,Голубь,Ночь,Парк,71.4,10.7,3,4,0.19,4.83,Эксплуатация
HAYVAN_0131,Лиса,После полудня,Торговая зона,47.8,16.2,5,4,0.26,0.69,Эксплуатация
HAYVAN_0132,Енот,Вечер,Торговая зона,58.2,9.6,9,2,0.51,0.02,Избегание
HAYVAN_0133,Лиса,Утро,Торговая зона,79.7,28.2,1,9,0.68,2.84,Избегание
HAYVAN_0134,Белка,Утро,Парк,59.8,14.7,8,5,0.2,0.3,Избегание
HAYVAN_0135,Белка,Утро,Жилая зона,63.6,5.9,7,2,0.6,7.04,Эксплуатация
HAYVAN_0136,Енот,После полудня,Парк,56.9,39.6,5,4,0.22,0.39,Привыкание
HAYVAN_0137,Голубь,Утро,Торговая зона,55.7,6.9,7,3,0.55,1.61,Инновационность
HAYVAN_0138,Енот,Утро,Торговая зона,60.3,-8.3,1,4,0.15,0.15,Привыкание
HAYVAN_0139,Голубь,Вечер,Торговая зона,58.4,44.1,7,2,0.55,0.16,Привыкание
HAYVAN_0140,Голубь,Утро,Парк,74.6,56.9,7,7,0.08,0.06,Привыкание
HAYVAN_0141,Енот,Утро,Парк,67.2,30.6,2,3,0.56,1.15,Инновационность
HAYVAN_0142,Голубь,После полудня,Жилая зона,75.2,40.3,6,3,0.17,1.46,Эксплуатация
HAYVAN_0143,Белка,После полудня,Торговая зона,51.1,40.1,3,9,0.21,0.43,Эксплуатация
HAYVAN_0144,Голубь,После полудня,Парк,77.3,65.3,4,6,0.22,2.7,Привыкание
HAYVAN_0145,Голубь,Утро,Парк,65.2,15.1,3,7,0.39,2.66,Избегание
HAYVAN_0146,Лиса,Вечер,Промышленная зона,83.4,23.2,7,5,0.34,0.88,Привыкание
HAYVAN_0147,Лиса,Ночь,Торговая зона,64.5,23.4,10,9,0.19,0.82,Избегание
HAYVAN_0148,Енот,После полудня,Торговая зона,50.1,30.8,6,7,0.22,0.06,Инновационность
HAYVAN_0149,Лиса,Вечер,Парк,77.8,26.9,8,10,0.63,1.19,Инновационность
HAYVAN_0150,Белка,Утро,Промышленная зона,63.6,28.8,6,5,0.17,3.93,Эксплуатация
HAYVAN_0151,Енот,После полудня,Торговая зона,43.5,32.1,7,8,0.08,1.81,Избегание
HAYVAN_0152,Лиса,Вечер,Торговая зона,66.5,59.7,2,10,0.11,3.07,Инновационность
HAYVAN_0153,Голубь,Ночь,Торговая зона,67.3,34.1,9,4,0.13,2.07,Инновационность
HAYVAN_0154,Голубь,Вечер,Парк,75.8,42.4,9,2,0.2,0.56,Эксплуатация
HAYVAN_0155,Лиса,Утро,Парк,29.1,40.0,7,7,0.62,1.23,Инновационность
HAYVAN_0156,Енот,После полудня,Жилая зона,76.5,35.3,5,6,0.09,0.98,Инновационность
HAYVAN_0157,Лиса,Вечер,Жилая зона,60.3,26.0,9,8,0.32,0.94,Эксплуатация
HAYVAN_0158,Белка,Вечер,Торговая зона,84.3,42.1,3,3,0.38,4.33,Привыкание
HAYVAN_0159,Лиса,Вечер,Промышленная зона,47.8,3.7,5,4,0.12,0.12,Привыкание
HAYVAN_0160,Голубь,После полудня,Торговая зона,70.5,53.1,6,9,0.35,5.27,Привыкание
HAYVAN_0161,Голубь,Вечер,Промышленная зона,69.1,40.0,5,2,0.16,0.26,Привыкание
HAYVAN_0162,Лиса,Утро,Парк,60.8,31.5,7,2,0.15,0.24,Эксплуатация
HAYVAN_0163,Голубь,Утро,Жилая зона,57.3,29.8,1,6,0.59,1.25,Привыкание
HAYVAN_0164,Енот,Ночь,Парк,61.3,33.3,3,2,0.12,0.64,Привыкание
HAYVAN_0165,Голубь,Ночь,Промышленная зона,61.5,42.2,8,9,0.17,3.68,Избегание
HAYVAN_0166,Белка,Ночь,Промышленная зона,52.5,36.9,5,6,0.59,0.45,Избегание
HAYVAN_0167,Голубь,После полудня,Жилая зона,74.9,50.5,9,10,0.4,0.81,Эксплуатация
HAYVAN_0168,Белка,Утро,Парк,54.1,55.7,2,6,0.45,0.08,Привыкание
HAYVAN_0169,Лиса,Утро,Торговая зона,75.2,46.4,4,5,0.17,2.41,Привыкание
HAYVAN_0170,Голубь,Ночь,Парк,47.1,7.6,5,10,0.17,0.36,Инновационность
HAYVAN_0171,Лиса,Ночь,Промышленная зона,63.2,22.2,5,4,0.22,1.03,Инновационность
HAYVAN_0172,Енот,Вечер,Парк,63.4,44.7,4,1,0.13,1.7,Привыкание
HAYVAN_0173,Белка,Ночь,Жилая зона,64.8,62.0,1,9,0.22,0.05,Привыкание
HAYVAN_0174,Белка,После полудня,Парк,74.6,21.2,9,3,0.43,1.2,Эксплуатация
HAYVAN_0175,Белка,Ночь,Парк,63.0,39.0,6,5,0.18,1.54,Привыкание
HAYVAN_0176,Енот,Утро,Промышленная зона,60.4,48.4,5,1,0.12,0.41,Привыкание
HAYVAN_0177,Енот,После полудня,Торговая зона,63.0,31.6,4,1,0.23,0.46,Эксплуатация
HAYVAN_0178,Енот,Вечер,Торговая зона,74.8,11.7,1,3,0.4,1.47,Избегание
HAYVAN_0179,Голубь,После полудня,Жилая зона,52.9,59.3,9,8,0.51,1.6,Избегание
HAYVAN_0180,Голубь,Вечер,Жилая зона,54.8,17.0,10,5,0.52,0.17,Эксплуатация
HAYVAN_0181,Голубь,Вечер,Парк,45.4,18.9,8,4,0.15,1.49,Избегание
HAYVAN_0182,Енот,Утро,Торговая зона,85.3,34.0,4,1,0.71,2.85,Инновационность
HAYVAN_0183,Енот,После полудня,Жилая зона,53.4,30.8,8,8,0.24,1.29,Привыкание
HAYVAN_0184,Белка,Вечер,Торговая зона,46.1,16.2,5,2,0.27,2.66,Привыкание
HAYVAN_0185,Голубь,После полудня,Промышленная зона,56.9,55.1,3,1,0.17,3.4,Избегание
HAYVAN_0186,Белка,Вечер,Жилая зона,58.9,37.8,4,5,0.17,1.67,Инновационность
HAYVAN_0187,Енот,Ночь,Торговая зона,79.7,43.6,5,5,0.23,2.11,Эксплуатация
HAYVAN_0188,Голубь,Ночь,Торговая зона,60.4,29.4,6,8,0.21,0.01,Избегание
HAYVAN_0189,Белка,После полудня,Торговая зона,67.9,29.9,7,7,0.32,0.24,Эксплуатация
HAYVAN_0190,Голубь,После полудня,Промышленная зона,47.1,49.8,2,5,0.34,1.67,Избегание
HAYVAN_0191,Енот,Вечер,Парк,67.1,22.2,1,9,0.38,2.26,Привыкание
HAYVAN_0192,Лиса,Вечер,Жилая зона,48.5,24.7,2,3,0.11,1.34,Инновационность
HAYVAN_0193,Голубь,Вечер,Торговая зона,61.9,37.0,1,2,0.17,3.51,Привыкание
HAYVAN_0194,Лиса,Утро,Торговая зона,57.4,43.6,4,5,0.13,5.56,Инновационность
HAYVAN_0195,Енот,Утро,Жилая зона,65.6,43.6,1,6,0.22,0.31,Избегание
HAYVAN_0196,Лиса,После полудня,Жилая зона,71.3,15.9,8,7,0.64,2.81,Привыкание
HAYVAN_0197,Енот,После полудня,Промышленная зона,51.6,13.7,7,3,0.33,1.96,Инновационность
HAYVAN_0198,Лиса,Ночь,Парк,53.6,17.3,1,7,0.23,0.94,Привыкание
HAYVAN_0199,Голубь,Ночь,Торговая зона,66.9,43.3,5,3,0.17,0.82,Избегание
HAYVAN_0200,Енот,После полудня,Жилая зона,71.9,43.2,1,10,0.24,0.07,Инновационность
HAYVAN_0201,Голубь,Вечер,Парк,79.2,34.8,6,10,0.15,0.92,Избегание
HAYVAN_0202,Енот,Утро,Парк,60.3,34.5,6,5,0.3,1.14,Эксплуатация
HAYVAN_0203,Лиса,После полудня,Парк,50.1,5.2,6,2,0.33,1.12,Инновационность
HAYVAN_0204,Белка,После полудня,Парк,66.9,34.8,4,3,0.41,2.28,Привыкание
HAYVAN_0205,Лиса,Ночь,Торговая зона,57.1,6.4,4,3,0.4,1.86,Избегание
HAYVAN_0206,Голубь,После полудня,Парк,55.8,42.4,9,6,0.74,2.13,Избегание
HAYVAN_0207,Енот,Ночь,Торговая зона,79.1,25.3,4,8,0.19,0.25,Привыкание
HAYVAN_0208,Лиса,Утро,Жилая зона,71.2,33.6,9,4,0.62,1.23,Привыкание
HAYVAN_0209,Лиса,После полудня,Торговая зона,57.7,26.8,2,10,0.47,0.03,Эксплуатация
HAYVAN_0210,Енот,Утро,Парк,64.8,28.8,7,7,0.17,0.62,Инновационность
HAYVAN_0211,Лиса,Ночь,Жилая зона,64.1,13.3,5,10,0.33,0.59,Эксплуатация
HAYVAN_0212,Голубь,Вечер,Торговая зона,66.7,27.5,1,7,0.23,5.46,Эксплуатация
HAYVAN_0213,Голубь,Вечер,Торговая зона,60.9,29.1,4,2,0.37,2.5,Эксплуатация
HAYVAN_0214,Лиса,Утро,Жилая зона,46.0,33.1,3,5,0.1,1.16,Привыкание
HAYVAN_0215,Голубь,Вечер,Торговая зона,55.2,38.2,7,4,0.25,3.28,Привыкание
HAYVAN_0216,Голубь,Утро,Промышленная зона,59.7,37.2,8,3,0.25,0.04,Привыкание
HAYVAN_0217,Енот,Вечер,Парк,65.3,34.0,10,10,0.35,1.04,Избегание
HAYVAN_0218,Голубь,После полудня,Жилая зона,54.2,20.2,5,6,0.46,0.22,Эксплуатация
HAYVAN_0219,Белка,Ночь,Парк,66.9,10.5,10,6,0.24,1.61,Избегание
HAYVAN_0220,Енот,Вечер,Промышленная зона,61.2,15.0,4,3,0.25,0.31,Инновационность
HAYVAN_0221,Голубь,Утро,Жилая зона,57.4,17.7,9,1,0.22,0.88,Инновационность
HAYVAN_0222,Белка,Ночь,Парк,52.3,42.7,10,1,0.08,0.72,Избегание
HAYVAN_0223,Енот,После полудня,Торговая зона,69.5,46.1,1,7,0.16,7.73,Избегание
HAYVAN_0224,Белка,После полудня,Промышленная зона,69.2,18.1,5,8,0.25,1.9,Эксплуатация
HAYVAN_0225,Белка,Утро,Жилая зона,73.0,12.6,10,8,0.32,1.06,Избегание
HAYVAN_0226,Енот,Вечер,Промышленная зона,70.5,5.7,10,2,0.3,2.5,Инновационность
HAYVAN_0227,Голубь,Вечер,Торговая зона,71.2,20.6,8,3,0.29,2.27,Эксплуатация
HAYVAN_0228,Голубь,Ночь,Торговая зона,68.8,36.2,8,6,0.31,2.71,Инновационность
HAYVAN_0229,Голубь,Утро,Жилая зона,47.4,13.7,5,1,0.28,0.26,Эксплуатация
HAYVAN_0230,Енот,Утро,Жилая зона,62.2,47.8,6,9,0.08,4.19,Эксплуатация
HAYVAN_0231,Енот,Ночь,Промышленная зона,50.7,35.5,5,8,0.1,0.69,Избегание
HAYVAN_0232,Енот,Ночь,Жилая зона,78.7,46.0,5,8,0.5,0.26,Привыкание
HAYVAN_0233,Енот,Вечер,Парк,64.9,18.1,8,4,0.44,2.0,Эксплуатация
HAYVAN_0234,Белка,Ночь,Промышленная зона,77.7,40.7,8,1,0.49,0.35,Инновационность
HAYVAN_0235,Белка,Утро,Парк,54.7,13.4,5,7,0.12,2.52,Инновационность
HAYVAN_0236,Енот,После полудня,Промышленная зона,64.1,40.4,7,9,0.21,1.08,Избегание
HAYVAN_0237,Голубь,После полудня,Жилая зона,67.6,51.6,7,5,0.32,0.59,Привыкание
HAYVAN_0238,Белка,После полудня,Торговая зона,61.7,51.4,5,5,0.4,2.54,Эксплуатация
HAYVAN_0239,Голубь,После полудня,Торговая зона,66.9,22.0,7,10,0.39,0.58,Эксплуатация
HAYVAN_0240,Лиса,Утро,Промышленная зона,79.8,16.8,4,2,0.28,0.09,Инновационность
HAYVAN_0241,Енот,После полудня,Парк,54.7,27.5,8,7,0.39,0.02,Эксплуатация
HAYVAN_0242,Голубь,Утро,Торговая зона,38.6,53.6,3,4,0.16,0.89,Привыкание
HAYVAN_0243,Белка,Вечер,Промышленная зона,81.0,9.6,8,9,0.2,0.88,Привыкание
HAYVAN_0244,Голубь,После полудня,Промышленная зона,57.1,7.3,4,5,0.04,0.9,Привыкание
HAYVAN_0245,Енот,Утро,Торговая зона,76.2,-0.7,6,5,0.49,1.09,Инновационность
HAYVAN_0246,Голубь,Вечер,Торговая зона,71.5,31.4,8,4,0.3,0.33,Эксплуатация
HAYVAN_0247,Белка,Вечер,Парк,62.8,4.5,8,2,0.27,0.84,Инновационность
HAYVAN_0248,Голубь,Вечер,Жилая зона,68.8,47.9,9,6,0.48,0.76,Эксплуатация
HAYVAN_0249,Лиса,После полудня,Парк,53.6,54.6,6,4,0.13,0.54,Эксплуатация
HAYVAN_0250,Лиса,Ночь,Промышленная зона,65.9,27.9,6,3,0.43,1.7,Инновационность
HAYVAN_0251,Енот,Утро,Промышленная зона,70.9,65.9,2,5,0.21,1.1,Инновационность
HAYVAN_0252,Голубь,После полудня,Жилая зона,57.3,33.5,3,4,0.24,0.26,Инновационность
HAYVAN_0253,Лиса,Утро,Парк,61.2,22.4,1,2,0.14,0.34,Избегание
HAYVAN_0254,Голубь,Утро,Парк,68.1,22.2,3,4,0.65,0.63,Избегание
HAYVAN_0255,Енот,Ночь,Парк,78.2,51.5,7,10,0.09,0.44,Привыкание
HAYVAN_0256,Белка,После полудня,Торговая зона,65.0,41.9,2,1,0.33,0.36,Эксплуатация
HAYVAN_0257,Лиса,Ночь,Промышленная зона,60.7,-0.5,8,3,0.45,2.18,Эксплуатация
HAYVAN_0258,Белка,Вечер,Парк,63.5,1.8,3,10,0.24,0.94,Инновационность
HAYVAN_0259,Енот,После полудня,Торговая зона,76.6,8.0,3,8,0.2,1.77,Инновационность
HAYVAN_0260,Голубь,Вечер,Торговая зона,58.6,21.1,8,1,0.25,0.83,Избегание
HAYVAN_0261,Голубь,Ночь,Парк,62.0,10.5,6,2,0.48,3.36,Избегание
HAYVAN_0262,Енот,Вечер,Промышленная зона,58.7,18.5,5,9,0.54,3.12,Привыкание
HAYVAN_0263,Белка,Утро,Жилая зона,63.0,17.7,6,5,0.43,1.41,Эксплуатация
HAYVAN_0264,Енот,Ночь,Жилая зона,67.1,13.2,9,9,0.26,0.94,Привыкание
HAYVAN_0265,Голубь,Вечер,Парк,75.3,61.8,5,6,0.42,1.12,Избегание
HAYVAN_0266,Енот,Вечер,Промышленная зона,43.8,51.3,9,5,0.34,1.4,Привыкание
HAYVAN_0267,Енот,Вечер,Жилая зона,70.6,56.7,4,3,0.58,0.78,Избегание
HAYVAN_0268,Енот,Вечер,Промышленная зона,56.1,55.2,2,3,0.36,0.12,Избегание
HAYVAN_0269,Голубь,После полудня,Жилая зона,70.9,28.9,9,7,0.31,0.79,Избегание
HAYVAN_0270,Лиса,Вечер,Торговая зона,77.4,31.7,4,6,0.19,1.91,Привыкание
HAYVAN_0271,Голубь,Вечер,Промышленная зона,75.0,16.1,5,4,0.49,1.12,Привыкание
HAYVAN_0272,Голубь,После полудня,Жилая зона,66.6,32.2,2,2,0.67,1.49,Инновационность
HAYVAN_0273,Енот,Вечер,Парк,73.3,15.0,7,9,0.44,0.74,Избегание
HAYVAN_0274,Голубь,Вечер,Промышленная зона,55.6,6.0,10,1,0.15,1.42,Эксплуатация
HAYVAN_0275,Голубь,Вечер,Промышленная зона,64.3,18.5,3,8,0.34,1.74,Привыкание
HAYVAN_0276,Енот,После полудня,Промышленная зона,80.2,43.1,2,7,0.07,0.21,Привыкание
HAYVAN_0277,Голубь,Утро,Жилая зона,57.1,31.5,6,2,0.42,0.71,Привыкание
HAYVAN_0278,Голубь,Утро,Торговая зона,67.0,39.0,3,1,0.12,0.58,Привыкание
HAYVAN_0279,Лиса,После полудня,Торговая зона,61.3,30.3,7,7,0.18,1.86,Привыкание
HAYVAN_0280,Енот,Утро,Жилая зона,63.0,16.2,2,3,0.45,0.22,Избегание
HAYVAN_0281,Белка,Утро,Торговая зона,69.1,37.8,10,3,0.27,1.24,Инновационность
HAYVAN_0282,Енот,После полудня,Торговая зона,62.3,31.4,6,2,0.09,0.58,Привыкание
HAYVAN_0283,Енот,Ночь,Парк,65.0,49.7,8,1,0.22,0.91,Инновационность
HAYVAN_0284,Лиса,После полудня,Торговая зона,60.0,50.3,7,4,0.13,1.65,Привыкание
HAYVAN_0285,Енот,Утро,Жилая зона,46.7,25.6,5,7,0.32,3.58,Привыкание
HAYVAN_0286,Лиса,Утро,Жилая зона,66.9,31.8,7,4,0.43,0.47,Инновационность
HAYVAN_0287,Белка,Вечер,Жилая зона,69.4,16.6,2,9,0.37,1.55,Инновационность
HAYVAN_0288,Белка,Ночь,Парк,78.8,17.1,2,8,0.26,0.32,Эксплуатация
HAYVAN_0289,Лиса,Утро,Промышленная зона,63.7,21.4,4,9,0.58,1.97,Избегание
HAYVAN_0290,Белка,Вечер,Торговая зона,51.1,37.4,9,5,0.07,1.09,Избегание
HAYVAN_0291,Голубь,Ночь,Жилая зона,57.5,22.2,1,5,0.27,3.41,Привыкание
HAYVAN_0292,Белка,Утро,Парк,70.4,53.2,4,4,0.46,0.9,Инновационность
HAYVAN_0293,Голубь,Ночь,Торговая зона,64.2,37.1,5,9,0.22,0.16,Избегание
HAYVAN_0294,Белка,Вечер,Промышленная зона,67.8,26.0,3,4,0.39,2.79,Эксплуатация
HAYVAN_0295,Енот,Утро,Парк,61.5,45.2,4,2,0.6,3.14,Эксплуатация
HAYVAN_0296,Белка,После полудня,Жилая зона,83.7,19.0,10,8,0.41,0.15,Привыкание
HAYVAN_0297,Белка,После полудня,Жилая зона,82.3,20.3,4,7,0.35,3.46,Избегание
HAYVAN_0298,Белка,Утро,Промышленная зона,55.7,50.2,4,2,0.14,3.93,Эксплуатация
HAYVAN_0299,Енот,Утро,Торговая зона,74.1,10.4,9,9,0.39,0.93,Привыкание
HAYVAN_0300,Голубь,Вечер,Парк,68.0,27.8,7,10,0.09,0.65,Привыкание
HAYVAN_0301,Енот,Вечер,Парк,65.1,24.3,8,3,0.29,0.39,Привыкание
HAYVAN_0302,Лиса,Вечер,Торговая зона,56.4,19.0,10,5,0.42,0.49,Эксплуатация
HAYVAN_0303,Енот,Утро,Жилая зона,81.2,44.8,6,4,0.16,1.98,Привыкание
HAYVAN_0304,Енот,Ночь,Торговая зона,76.7,42.9,5,9,0.26,3.77,Избегание
HAYVAN_0305,Енот,Ночь,Торговая зона,50.4,40.2,6,5,0.28,0.1,Привыкание
HAYVAN_0306,Белка,Утро,Торговая зона,78.8,30.3,1,1,0.49,2.65,Инновационность
HAYVAN_0307,Голубь,Ночь,Жилая зона,64.6,39.6,6,4,0.44,0.18,Избегание
HAYVAN_0308,Голубь,После полудня,Жилая зона,59.0,-0.0,3,5,0.13,1.02,Привыкание
HAYVAN_0309,Голубь,Утро,Парк,55.2,23.9,3,2,0.28,0.38,Эксплуатация
HAYVAN_0310,Енот,После полудня,Торговая зона,74.4,30.6,1,8,0.39,0.83,Привыкание
HAYVAN_0311,Голубь,После полудня,Торговая зона,69.0,21.2,1,1,0.19,0.51,Привыкание
HAYVAN_0312,Лиса,После полудня,Жилая зона,56.3,32.8,7,4,0.07,1.35,Привыкание
HAYVAN_0313,Голубь,Вечер,Жилая зона,56.9,65.7,3,4,0.37,0.06,Привыкание
HAYVAN_0314,Голубь,После полудня,Торговая зона,61.1,31.7,5,6,0.45,4.57,Привыкание
HAYVAN_0315,Голубь,Вечер,Промышленная зона,59.9,36.2,2,8,0.22,2.63,Эксплуатация
HAYVAN_0316,Белка,Утро,Жилая зона,70.3,33.0,3,7,0.4,1.0,Эксплуатация
HAYVAN_0317,Голубь,Вечер,Промышленная зона,68.8,12.0,5,10,0.64,0.51,Инновационность
HAYVAN_0318,Белка,Ночь,Торговая зона,58.6,7.7,3,8,0.52,0.31,Избегание
HAYVAN_0319,Голубь,После полудня,Торговая зона,48.4,5.7,4,10,0.16,3.1,Привыкание
HAYVAN_0320,Голубь,После полудня,Промышленная зона,51.7,34.2,3,2,0.3,2.3,Эксплуатация
HAYVAN_0321,Енот,Ночь,Промышленная зона,73.7,-0.6,9,7,0.1,1.27,Привыкание
HAYVAN_0322,Голубь,Вечер,Торговая зона,55.1,39.6,5,3,0.28,1.44,Избегание
HAYVAN_0323,Белка,После полудня,Промышленная зона,66.1,27.0,4,3,0.69,6.24,Эксплуатация
HAYVAN_0324,Енот,Вечер,Торговая зона,47.4,36.8,2,8,0.43,0.81,Избегание
HAYVAN_0325,Енот,Ночь,Промышленная зона,69.0,10.1,8,6,0.35,0.53,Избегание
HAYVAN_0326,Голубь,После полудня,Торговая зона,84.2,53.3,6,7,0.15,6.45,Привыкание
HAYVAN_0327,Голубь,Ночь,Жилая зона,51.7,29.1,6,1,0.12,1.51,Эксплуатация
HAYVAN_0328,Белка,Вечер,Торговая зона,70.5,1.6,5,6,0.15,5.59,Эксплуатация
HAYVAN_0329,Енот,Вечер,Торговая зона,67.7,48.5,7,10,0.14,0.08,Эксплуатация
HAYVAN_0330,Белка,Вечер,Жилая зона,74.2,10.9,5,8,0.05,1.53,Привыкание
HAYVAN_0331,Лиса,Утро,Торговая зона,63.7,11.7,8,3,0.21,1.54,Избегание
HAYVAN_0332,Белка,Ночь,Жилая зона,67.7,12.0,5,10,0.23,0.73,Избегание
HAYVAN_0333,Лиса,Вечер,Жилая зона,66.8,25.3,4,3,0.17,0.66,Избегание
HAYVAN_0334,Белка,Вечер,Промышленная зона,70.7,38.8,8,8,0.39,1.78,Избегание
HAYVAN_0335,Голубь,Утро,Торговая зона,56.6,38.4,6,9,0.26,0.49,Избегание
HAYVAN_0336,Голубь,Утро,Жилая зона,66.9,67.8,9,8,0.28,1.74,Привыкание
HAYVAN_0337,Голубь,Ночь,Парк,73.1,20.0,9,6,0.1,0.12,Инновационность
HAYVAN_0338,Лиса,Ночь,Торговая зона,76.7,23.1,1,9,0.65,1.25,Инновационность
HAYVAN_0339,Голубь,Вечер,Торговая зона,70.0,9.5,3,5,0.14,1.0,Эксплуатация
HAYVAN_0340,Енот,Ночь,Парк,53.7,13.5,4,4,0.22,10.44,Избегание
HAYVAN_0341,Белка,Утро,Жилая зона,49.5,46.8,7,8,0.33,3.19,Инновационность
HAYVAN_0342,Белка,После полудня,Торговая зона,69.1,22.5,1,8,0.45,1.52,Избегание
HAYVAN_0343,Голубь,Вечер,Парк,54.9,36.8,6,3,0.33,0.36,Привыкание
HAYVAN_0344,Лиса,Утро,Торговая зона,73.4,30.5,10,2,0.2,0.91,Избегание
HAYVAN_0345,Голубь,Утро,Промышленная зона,62.1,14.2,1,2,0.22,1.41,Избегание
HAYVAN_0346,Енот,Вечер,Торговая зона,75.1,17.6,7,6,0.17,0.79,Эксплуатация
HAYVAN_0347,Голубь,Ночь,Жилая зона,86.3,1.9,5,3,0.25,1.31,Привыкание
HAYVAN_0348,Голубь,Вечер,Жилая зона,64.4,27.0,4,2,0.38,0.8,Избегание
HAYVAN_0349,Белка,Утро,Торговая зона,63.8,31.2,8,10,0.39,2.13,Избегание
HAYVAN_0350,Белка,Ночь,Парк,75.1,25.4,9,9,0.17,0.29,Избегание
HAYVAN_0351,Лиса,Утро,Парк,75.6,44.9,4,5,0.45,0.68,Эксплуатация
HAYVAN_0352,Белка,Вечер,Парк,82.0,10.1,10,8,0.34,0.89,Привыкание
HAYVAN_0353,Голубь,Вечер,Жилая зона,67.0,30.7,2,4,0.56,0.54,Привыкание
HAYVAN_0354,Енот,Ночь,Торговая зона,58.7,14.9,1,3,0.2,2.45,Привыкание
HAYVAN_0355,Енот,Ночь,Промышленная зона,65.1,35.7,10,2,0.21,3.9,Привыкание
HAYVAN_0356,Голубь,Утро,Промышленная зона,58.8,16.5,10,5,0.59,5.77,Привыкание
HAYVAN_0357,Енот,После полудня,Промышленная зона,67.4,42.2,3,3,0.47,2.68,Привыкание
HAYVAN_0358,Енот,Утро,Жилая зона,56.3,39.6,3,7,0.05,3.74,Привыкание
HAYVAN_0359,Лиса,Ночь,Промышленная зона,74.0,35.0,5,7,0.6,2.67,Привыкание
HAYVAN_0360,Голубь,Вечер,Промышленная зона,72.0,33.9,5,3,0.21,2.21,Эксплуатация
HAYVAN_0361,Голубь,Ночь,Парк,66.4,34.3,5,3,0.13,9.01,Эксплуатация
HAYVAN_0362,Енот,После полудня,Парк,65.3,35.0,6,5,0.13,1.33,Эксплуатация
HAYVAN_0363,Лиса,После полудня,Промышленная зона,63.0,38.0,5,4,0.22,1.1,Эксплуатация
HAYVAN_0364,Енот,Утро,Парк,78.1,24.7,5,10,0.58,3.33,Эксплуатация
HAYVAN_0365,Голубь,Ночь,Торговая зона,76.9,13.2,6,10,0.08,0.2,Избегание
HAYVAN_0366,Лиса,Вечер,Торговая зона,66.5,29.3,6,3,0.37,1.18,Избегание
HAYVAN_0367,Голубь,После полудня,Парк,56.4,37.7,4,1,0.2,0.12,Избегание
HAYVAN_0368,Голубь,Утро,Парк,53.2,37.7,9,5,0.23,2.21,Эксплуатация
HAYVAN_0369,Голубь,Ночь,Торговая зона,67.9,56.0,2,4,0.22,4.6,Привыкание
HAYVAN_0370,Лиса,Вечер,Жилая зона,58.6,22.5,3,3,0.01,1.41,Избегание
HAYVAN_0371,Белка,Вечер,Промышленная зона,69.8,8.8,9,10,0.24,0.34,Избегание
HAYVAN_0372,Голубь,Вечер,Парк,61.1,21.8,6,8,0.53,2.98,Привыкание
HAYVAN_0373,Енот,Утро,Жилая зона,72.7,23.7,7,8,0.16,0.07,Привыкание
HAYVAN_0374,Лиса,Вечер,Промышленная зона,67.1,17.9,9,4,0.39,3.11,Избегание
HAYVAN_0375,Лиса,Ночь,Парк,75.0,14.4,10,9,0.64,1.82,Избегание
HAYVAN_0376,Енот,Ночь,Парк,42.7,28.0,5,4,0.19,1.88,Эксплуатация
HAYVAN_0377,Белка,Ночь,Жилая зона,62.7,29.0,8,2,0.35,0.21,Избегание
HAYVAN_0378,Голубь,После полудня,Промышленная зона,87.2,14.4,7,2,0.02,2.93,Инновационность
HAYVAN_0379,Лиса,Утро,Парк,40.0,12.8,2,5,0.3,0.07,Эксплуатация
HAYVAN_0380,Енот,Утро,Промышленная зона,73.4,35.5,4,4,0.36,2.79,Привыкание
HAYVAN_0381,Голубь,Утро,Промышленная зона,69.2,37.1,2,10,0.56,1.88,Привыкание
HAYVAN_0382,Белка,Утро,Промышленная зона,77.9,17.7,6,7,0.38,3.58,Избегание
HAYVAN_0383,Лиса,Ночь,Жилая зона,63.3,27.4,4,5,0.53,0.24,Привыкание
HAYVAN_0384,Лиса,Вечер,Промышленная зона,76.9,37.4,6,4,0.29,0.58,Избегание
HAYVAN_0385,Лиса,Ночь,Торговая зона,77.2,32.0,3,9,0.25,4.91,Инновационность
HAYVAN_0386,Енот,Утро,Парк,67.0,53.4,6,2,0.37,0.03,Эксплуатация
HAYVAN_0387,Голубь,После полудня,Промышленная зона,53.4,9.9,10,9,0.24,0.36,Эксплуатация
HAYVAN_0388,Белка,После полудня,Парк,74.1,6.6,2,7,0.48,2.05,Эксплуатация
HAYVAN_0389,Лиса,Ночь,Торговая зона,55.3,40.8,2,1,0.03,0.05,Эксплуатация
HAYVAN_0390,Енот,После полудня,Торговая зона,63.6,35.3,4,2,0.58,3.06,Привыкание
HAYVAN_0391,Енот,После полудня,Торговая зона,74.5,21.8,6,5,0.36,2.36,Эксплуатация
HAYVAN_0392,Голубь,Ночь,Торговая зона,75.9,46.3,9,6,0.4,1.8,Эксплуатация
HAYVAN_0393,Белка,После полудня,Парк,61.5,20.3,2,3,0.73,0.18,Привыкание
HAYVAN_0394,Голубь,Утро,Промышленная зона,71.3,37.7,3,10,0.13,0.04,Привыкание
HAYVAN_0395,Голубь,Вечер,Жилая зона,49.6,27.3,9,7,0.36,5.14,Избегание
HAYVAN_0396,Голубь,После полудня,Промышленная зона,60.3,18.4,10,7,0.32,1.91,Избегание
HAYVAN_0397,Енот,Вечер,Промышленная зона,79.7,23.6,7,5,0.35,1.6,Эксплуатация
HAYVAN_0398,Голубь,После полудня,Парк,78.4,47.6,3,6,0.08,1.15,Избегание
HAYVAN_0399,Енот,После полудня,Промышленная зона,71.7,24.2,9,5,0.43,1.05,Привыкание
HAYVAN_0400,Белка,После полудня,Торговая зона,63.6,52.6,7,4,0.04,0.11,Эксплуатация
HAYVAN_0401,Голубь,Вечер,Парк,73.5,32.3,7,7,0.26,1.41,Привыкание
HAYVAN_0402,Голубь,Утро,Жилая зона,64.8,26.2,6,2,0.38,1.97,Инновационность
HAYVAN_0403,Белка,После полудня,Парк,66.7,14.9,7,9,0.13,3.31,Инновационность
HAYVAN_0404,Голубь,Утро,Парк,65.9,40.1,5,8,0.23,0.95,Привыкание
HAYVAN_0405,Белка,После полудня,Жилая зона,57.2,33.1,7,3,0.52,0.99,Избегание
HAYVAN_0406,Енот,Ночь,Парк,72.3,28.8,2,2,0.22,2.52,Инновационность
HAYVAN_0407,Лиса,Утро,Торговая зона,54.3,31.5,3,1,0.43,2.73,Инновационность
HAYVAN_0408,Голубь,Утро,Промышленная зона,72.8,28.2,8,1,0.36,0.04,Избегание
HAYVAN_0409,Голубь,После полудня,Парк,55.4,12.1,4,4,0.21,0.89,Избегание
HAYVAN_0410,Енот,Утро,Жилая зона,57.8,39.8,3,7,0.32,3.57,Эксплуатация
HAYVAN_0411,Енот,Вечер,Промышленная зона,36.6,57.9,4,2,0.38,0.02,Привыкание
HAYVAN_0412,Голубь,Утро,Торговая зона,63.4,55.5,9,5,0.4,7.89,Привыкание
HAYVAN_0413,Белка,Ночь,Промышленная зона,66.9,31.6,3,10,0.85,0.55,Инновационность
HAYVAN_0414,Лиса,Вечер,Торговая зона,73.3,26.2,5,7,0.66,0.09,Эксплуатация
HAYVAN_0415,Голубь,Утро,Торговая зона,78.1,31.3,7,6,0.21,1.38,Инновационность
HAYVAN_0416,Лиса,Вечер,Торговая зона,50.1,20.7,1,4,0.21,1.7,Эксплуатация
HAYVAN_0417,Енот,После полудня,Парк,74.8,34.2,6,10,0.17,2.37,Привыкание
HAYVAN_0418,Енот,Вечер,Торговая зона,60.4,35.6,6,10,0.33,1.71,Привыкание
HAYVAN_0419,Голубь,Ночь,Промышленная зона,64.3,12.0,6,3,0.48,2.4,Избегание
HAYVAN_0420,Белка,Вечер,Парк,63.9,25.1,4,10,0.14,3.52,Избегание
HAYVAN_0421,Голубь,Ночь,Жилая зона,60.5,43.1,1,3,0.12,1.29,Избегание
HAYVAN_0422,Голубь,Утро,Парк,56.1,43.5,5,5,0.1,0.97,Эксплуатация
HAYVAN_0423,Белка,Утро,Торговая зона,67.8,11.1,3,8,0.02,0.24,Избегание
HAYVAN_0424,Белка,После полудня,Жилая зона,73.1,46.4,4,5,0.06,1.12,Избегание
HAYVAN_0425,Голубь,Ночь,Торговая зона,52.4,25.7,7,8,0.3,5.15,Эксплуатация
HAYVAN_0426,Белка,Вечер,Жилая зона,64.8,29.6,2,6,0.53,0.31,Инновационность
HAYVAN_0427,Белка,Утро,Парк,58.7,27.6,5,2,0.19,0.08,Инновационность
HAYVAN_0428,Голубь,Утро,Промышленная зона,76.0,-1.7,10,5,0.27,1.22,Привыкание
HAYVAN_0429,Лиса,Ночь,Парк,69.9,36.3,4,9,0.3,4.98,Эксплуатация
HAYVAN_0430,Голубь,Вечер,Промышленная зона,80.1,5.9,6,10,0.29,0.21,Эксплуатация
HAYVAN_0431,Голубь,Вечер,Торговая зона,49.5,42.5,2,7,0.15,3.03,Эксплуатация
HAYVAN_0432,Енот,После полудня,Торговая зона,75.3,10.5,4,10,0.06,1.67,Эксплуатация
HAYVAN_0433,Голубь,Утро,Парк,66.6,45.9,10,6,0.09,2.5,Эксплуатация
HAYVAN_0434,Голубь,Вечер,Торговая зона,57.7,33.5,7,3,0.34,3.03,Инновационность
HAYVAN_0435,Голубь,Ночь,Промышленная зона,69.9,39.1,8,4,0.28,0.01,Эксплуатация
HAYVAN_0436,Енот,После полудня,Торговая зона,80.7,19.2,1,3,0.09,1.42,Эксплуатация
HAYVAN_0437,Белка,Вечер,Промышленная зона,81.0,2.9,4,10,0.49,2.01,Инновационность
HAYVAN_0438,Енот,Ночь,Жилая зона,73.2,15.3,1,3,0.53,2.11,Избегание
HAYVAN_0439,Лиса,Ночь,Торговая зона,55.1,34.8,2,3,0.23,0.46,Эксплуатация
HAYVAN_0440,Голубь,Вечер,Промышленная зона,68.1,36.9,4,2,0.13,0.33,Эксплуатация
HAYVAN_0441,Голубь,После полудня,Парк,68.4,17.1,5,3,0.17,0.05,Избегание
HAYVAN_0442,Голубь,Вечер,Торговая зона,77.4,49.9,3,7,0.08,0.94,Привыкание
HAYVAN_0443,Белка,Ночь,Промышленная зона,63.4,29.7,7,7,0.05,1.44,Привыкание
HAYVAN_0444,Голубь,Утро,Жилая зона,65.2,5.4,7,10,0.4,0.02,Привыкание
HAYVAN_0445,Енот,После полудня,Жилая зона,58.5,34.0,1,10,0.42,7.36,Инновационность
HAYVAN_0446,Белка,После полудня,Торговая зона,71.7,18.4,9,4,0.41,0.56,Эксплуатация
HAYVAN_0447,Белка,Вечер,Промышленная зона,62.8,42.3,3,8,0.69,2.95,Инновационность
HAYVAN_0448,Голубь,После полудня,Жилая зона,66.9,33.4,3,6,0.67,0.75,Инновационность
HAYVAN_0449,Голубь,Вечер,Парк,60.3,32.3,5,10,0.63,1.6,Привыкание
HAYVAN_0450,Енот,После полудня,Парк,65.5,25.7,1,5,0.22,2.77,Избегание
HAYVAN_0451,Енот,После полудня,Промышленная зона,54.2,46.8,1,7,0.33,0.3,Эксплуатация
HAYVAN_0452,Белка,Вечер,Парк,66.6,16.4,9,3,0.05,2.52,Инновационность
HAYVAN_0453,Голубь,Вечер,Жилая зона,59.0,35.0,9,8,0.27,1.38,Избегание
HAYVAN_0454,Лиса,После полудня,Промышленная зона,72.0,30.6,7,3,0.61,5.25,Привыкание
HAYVAN_0455,Белка,Вечер,Жилая зона,83.5,14.5,7,7,0.09,1.21,Привыкание
HAYVAN_0456,Енот,Утро,Торговая зона,73.5,28.9,7,1,0.2,1.18,Инновационность
HAYVAN_0457,Енот,Вечер,Торговая зона,53.8,15.8,8,9,0.13,0.81,Привыкание
HAYVAN_0458,Енот,Вечер,Торговая зона,61.4,60.6,2,4,0.16,0.95,Инновационность
HAYVAN_0459,Лиса,Утро,Промышленная зона,48.9,45.2,3,8,0.26,0.61,Привыкание
HAYVAN_0460,Белка,Вечер,Промышленная зона,65.1,5.5,3,2,0.03,2.09,Привыкание
HAYVAN_0461,Голубь,Утро,Промышленная зона,47.3,23.2,6,4,0.25,0.15,Инновационность
HAYVAN_0462,Голубь,Вечер,Торговая зона,53.0,39.1,6,1,0.1,0.35,Эксплуатация
HAYVAN_0463,Голубь,После полудня,Торговая зона,76.0,47.6,5,2,0.21,0.11,Привыкание
HAYVAN_0464,Белка,Ночь,Торговая зона,73.6,43.1,8,9,0.08,0.81,Привыкание
HAYVAN_0465,Лиса,Ночь,Промышленная зона,49.8,58.6,2,6,0.23,1.83,Привыкание
HAYVAN_0466,Енот,Утро,Жилая зона,60.5,32.0,2,6,0.12,5.88,Эксплуатация
HAYVAN_0467,Лиса,Ночь,Промышленная зона,69.6,49.2,10,5,0.25,1.36,Привыкание
HAYVAN_0468,Енот,Ночь,Промышленная зона,68.9,12.6,2,7,0.38,0.23,Избегание
HAYVAN_0469,Енот,Вечер,Промышленная зона,48.7,43.1,5,10,0.1,3.01,Привыкание
HAYVAN_0470,Лиса,Ночь,Жилая зона,67.6,26.9,9,10,0.38,2.67,Инновационность
HAYVAN_0471,Енот,Утро,Промышленная зона,58.9,27.8,10,10,0.36,2.02,Избегание
HAYVAN_0472,Лиса,После полудня,Промышленная зона,77.0,50.7,10,1,0.2,0.98,Привыкание
HAYVAN_0473,Голубь,Ночь,Торговая зона,63.0,44.5,9,7,0.11,0.59,Избегание
HAYVAN_0474,Голубь,Утро,Торговая зона,68.6,27.5,5,7,0.23,3.29,Избегание
HAYVAN_0475,Белка,После полудня,Парк,63.9,68.3,10,9,0.59,0.35,Избегание
HAYVAN_0476,Енот,Вечер,Торговая зона,71.7,48.9,4,10,0.18,0.72,Инновационность
HAYVAN_0477,Лиса,После полудня,Парк,57.3,23.4,9,3,0.34,0.25,Эксплуатация
HAYVAN_0478,Енот,Утро,Жилая зона,71.7,-6.3,1,1,0.49,0.11,Инновационность
HAYVAN_0479,Лиса,Ночь,Торговая зона,77.1,34.2,6,2,0.41,1.33,Привыкание
HAYVAN_0480,Енот,Вечер,Промышленная зона,83.4,24.1,6,7,0.34,0.86,Избегание
HAYVAN_0481,Енот,Вечер,Промышленная зона,80.8,20.6,3,4,0.5,2.01,Привыкание
HAYVAN_0482,Лиса,Вечер,Торговая зона,59.6,22.6,4,1,0.25,1.03,Привыкание
HAYVAN_0483,Лиса,Ночь,Торговая зона,70.8,32.3,5,7,0.5,1.6,Избегание
HAYVAN_0484,Лиса,После полудня,Промышленная зона,73.1,49.7,9,9,0.15,1.45,Избегание
HAYVAN_0485,Енот,Вечер,Торговая зона,70.9,15.3,9,8,0.38,2.11,Избегание
HAYVAN_0486,Голубь,После полудня,Торговая зона,72.5,28.9,8,7,0.27,0.27,Инновационность
HAYVAN_0487,Голубь,После полудня,Торговая зона,69.2,27.0,8,2,0.18,1.36,Эксплуатация
HAYVAN_0488,Голубь,После полудня,Парк,59.5,17.6,6,7,0.31,0.41,Привыкание
HAYVAN_0489,Белка,Вечер,Жилая зона,67.1,34.2,4,6,0.36,0.04,Привыкание
HAYVAN_0490,Енот,Утро,Торговая зона,73.5,56.6,4,9,0.21,1.57,Привыкание
HAYVAN_0491,Лиса,Вечер,Торговая зона,69.6,39.2,5,8,0.49,0.05,Инновационность
HAYVAN_0492,Белка,Вечер,Жилая зона,54.0,31.1,3,9,0.23,1.13,Инновационность
HAYVAN_0493,Белка,Вечер,Жилая зона,56.2,23.4,2,6,0.12,1.94,Эксплуатация
HAYVAN_0494,Енот,Вечер,Промышленная зона,60.9,30.7,3,2,0.32,6.23,Эксплуатация
HAYVAN_0495,Енот,Ночь,Жилая зона,63.0,4.2,4,1,0.19,3.01,Инновационность
HAYVAN_0496,Белка,После полудня,Промышленная зона,66.6,29.1,8,4,0.27,1.48,Избегание
HAYVAN_0497,Белка,Утро,Жилая зона,55.2,27.1,5,8,0.13,1.63,Привыкание
HAYVAN_0498,Белка,Вечер,Торговая зона,72.9,37.2,3,2,0.22,2.22,Привыкание
HAYVAN_0499,Голубь,Вечер,Жилая зона,46.4,44.2,2,10,0.08,0.14,Привыкание
HAYVAN_0500,Лиса,После полудня,Жилая зона,70.3,41.2,6,3,0.19,1.81,Эксплуатация
HAYVAN_0501,Енот,После полудня,Торговая зона,70.1,28.0,1,6,0.19,2.68,Инновационность
HAYVAN_0502,Голубь,После полудня,Торговая зона,71.4,22.2,6,2,0.05,2.06,Инновационность
HAYVAN_0503,Белка,Утро,Промышленная зона,34.3,20.6,5,2,0.38,0.22,Инновационность
HAYVAN_0504,Енот,После полудня,Парк,51.5,18.3,4,9,0.21,2.76,Эксплуатация
HAYVAN_0505,Белка,Утро,Жилая зона,61.5,20.8,1,10,0.26,0.12,Избегание
HAYVAN_0506,Голубь,Вечер,Парк,66.7,28.2,9,10,0.07,0.63,Эксплуатация
HAYVAN_0507,Голубь,После полудня,Парк,64.2,11.7,2,8,0.23,1.28,Избегание
HAYVAN_0508,Голубь,Вечер,Промышленная зона,56.9,36.6,10,5,0.38,1.57,Эксплуатация
HAYVAN_0509,Белка,Ночь,Жилая зона,77.8,28.4,7,5,0.46,0.67,Привыкание
HAYVAN_0510,Голубь,Ночь,Парк,68.2,17.5,4,1,0.12,0.32,Инновационность
HAYVAN_0511,Белка,Вечер,Торговая зона,61.1,20.4,3,2,0.32,0.03,Избегание
HAYVAN_0512,Белка,Вечер,Жилая зона,55.1,42.6,9,1,0.23,0.08,Эксплуатация
HAYVAN_0513,Белка,Ночь,Торговая зона,65.7,43.6,9,1,0.56,4.07,Эксплуатация
HAYVAN_0514,Голубь,Вечер,Торговая зона,77.6,65.8,5,5,0.22,0.5,Привыкание
HAYVAN_0515,Голубь,Ночь,Торговая зона,65.4,38.5,4,4,0.13,3.33,Привыкание
HAYVAN_0516,Голубь,После полудня,Жилая зона,64.7,19.9,4,1,0.17,2.03,Привыкание
HAYVAN_0517,Голубь,Утро,Жилая зона,65.7,19.2,3,10,0.44,0.35,Привыкание
HAYVAN_0518,Белка,После полудня,Жилая зона,66.2,35.8,9,9,0.64,1.5,Привыкание
HAYVAN_0519,Голубь,После полудня,Торговая зона,62.7,42.1,7,1,0.07,3.25,Избегание
HAYVAN_0520,Голубь,После полудня,Парк,55.3,51.1,5,7,0.33,3.45,Эксплуатация
HAYVAN_0521,Лиса,Вечер,Парк,80.3,16.9,6,9,0.07,0.86,Инновационность
HAYVAN_0522,Голубь,После полудня,Промышленная зона,71.4,31.5,3,5,0.23,2.01,Эксплуатация
HAYVAN_0523,Белка,Вечер,Промышленная зона,86.2,12.6,6,5,0.48,2.02,Инновационность
HAYVAN_0524,Енот,Вечер,Парк,70.0,35.7,5,1,0.12,1.8,Избегание
HAYVAN_0525,Енот,Утро,Торговая зона,62.7,14.8,7,8,0.27,0.29,Избегание
HAYVAN_0526,Голубь,Вечер,Жилая зона,55.5,51.8,2,2,0.11,6.91,Избегание
HAYVAN_0527,Енот,Вечер,Торговая зона,61.7,18.3,10,3,0.06,1.42,Инновационность
HAYVAN_0528,Голубь,Ночь,Жилая зона,53.5,39.1,9,5,0.35,0.71,Избегание
HAYVAN_0529,Лиса,Ночь,Торговая зона,86.0,32.3,8,5,0.68,0.29,Привыкание
HAYVAN_0530,Голубь,Ночь,Торговая зона,64.8,30.7,3,3,0.23,3.87,Избегание
HAYVAN_0531,Енот,Утро,Промышленная зона,72.9,2.9,2,6,0.19,1.72,Эксплуатация
HAYVAN_0532,Белка,Ночь,Парк,74.6,28.6,10,3,0.4,0.02,Избегание
HAYVAN_0533,Лиса,Вечер,Жилая зона,75.8,15.3,7,9,0.14,0.19,Привыкание
HAYVAN_0534,Енот,После полудня,Парк,90.5,21.2,2,10,0.37,0.48,Инновационность
HAYVAN_0535,Лиса,Вечер,Торговая зона,64.0,37.3,1,3,0.16,2.98,Избегание
HAYVAN_0536,Голубь,После полудня,Торговая зона,63.2,70.8,8,5,0.13,0.64,Избегание
HAYVAN_0537,Енот,Ночь,Промышленная зона,66.6,58.5,8,3,0.14,0.01,Избегание
HAYVAN_0538,Голубь,Вечер,Промышленная зона,72.5,37.7,1,9,0.17,1.97,Избегание
HAYVAN_0539,Лиса,Вечер,Торговая зона,66.8,35.8,8,3,0.1,2.06,Избегание
HAYVAN_0540,Лиса,После полудня,Жилая зона,62.3,24.7,4,7,0.19,0.56,Эксплуатация
HAYVAN_0541,Енот,Утро,Жилая зона,57.8,15.0,8,5,0.22,1.78,Инновационность
HAYVAN_0542,Голубь,Вечер,Парк,57.3,36.6,10,6,0.12,0.6,Привыкание
HAYVAN_0543,Голубь,Вечер,Промышленная зона,67.7,23.3,6,3,0.09,1.11,Привыкание
HAYVAN_0544,Лиса,Утро,Парк,55.0,56.3,8,4,0.08,1.7,Привыкание
HAYVAN_0545,Голубь,Утро,Парк,46.9,62.2,5,1,0.39,1.84,Избегание
HAYVAN_0546,Лиса,Утро,Торговая зона,66.2,62.1,2,7,0.11,0.4,Привыкание
HAYVAN_0547,Лиса,Ночь,Парк,76.6,20.5,10,6,0.3,0.39,Эксплуатация
HAYVAN_0548,Енот,Вечер,Торговая зона,71.6,22.4,7,4,0.32,1.58,Избегание
HAYVAN_0549,Голубь,Ночь,Промышленная зона,64.8,11.8,2,10,0.24,0.28,Избегание
HAYVAN_0550,Белка,После полудня,Парк,69.0,39.7,9,10,0.11,0.02,Привыкание
HAYVAN_0551,Голубь,Вечер,Парк,48.5,17.2,1,1,0.43,0.73,Избегание
HAYVAN_0552,Енот,Ночь,Торговая зона,58.1,20.9,7,9,0.47,0.4,Привыкание
HAYVAN_0553,Голубь,После полудня,Промышленная зона,81.8,16.7,7,5,0.44,2.65,Привыкание
HAYVAN_0554,Лиса,Утро,Промышленная зона,76.8,21.6,6,1,0.35,1.96,Избегание
HAYVAN_0555,Енот,Вечер,Парк,57.9,54.8,5,9,0.27,1.79,Привыкание
HAYVAN_0556,Белка,Ночь,Торговая зона,82.5,-7.0,3,5,0.08,0.16,Избегание
HAYVAN_0557,Енот,Вечер,Парк,57.8,37.9,3,5,0.46,0.99,Избегание
HAYVAN_0558,Голубь,Вечер,Парк,56.8,17.9,10,5,0.49,1.49,Эксплуатация
HAYVAN_0559,Голубь,Вечер,Торговая зона,80.4,65.2,6,3,0.31,0.71,Инновационность
HAYVAN_0560,Енот,Утро,Промышленная зона,78.1,42.4,3,4,0.19,3.17,Привыкание
HAYVAN_0561,Лиса,Ночь,Торговая зона,59.1,14.7,8,3,0.54,1.54,Инновационность
HAYVAN_0562,Енот,Ночь,Жилая зона,64.5,20.8,10,2,0.22,2.2,Избегание
HAYVAN_0563,Лиса,Утро,Жилая зона,61.6,21.5,8,5,0.29,1.21,Эксплуатация
HAYVAN_0564,Голубь,Утро,Жилая зона,70.0,47.3,2,10,0.41,1.06,Привыкание
HAYVAN_0565,Белка,Ночь,Торговая зона,80.7,55.4,8,4,0.14,1.43,Избегание
HAYVAN_0566,Голубь,Вечер,Парк,70.3,32.3,10,10,0.28,2.63,Избегание
HAYVAN_0567,Енот,Вечер,Промышленная зона,63.9,27.9,1,1,0.21,1.41,Эксплуатация
HAYVAN_0568,Енот,Ночь,Торговая зона,51.5,45.7,2,4,0.17,0.96,Привыкание
HAYVAN_0569,Лиса,После полудня,Промышленная зона,72.8,30.4,6,3,0.15,2.02,Избегание
HAYVAN_0570,Голубь,После полудня,Торговая зона,52.8,37.0,1,10,0.26,2.02,Эксплуатация
HAYVAN_0571,Голубь,После полудня,Жилая зона,63.1,33.3,3,3,0.09,0.07,Эксплуатация
HAYVAN_0572,Голубь,Вечер,Промышленная зона,74.6,18.2,6,10,0.11,3.05,Привыкание
HAYVAN_0573,Голубь,Вечер,Парк,73.1,50.4,9,1,0.26,0.46,Инновационность
HAYVAN_0574,Белка,После полудня,Промышленная зона,73.4,21.1,4,8,0.21,2.79,Избегание
HAYVAN_0575,Голубь,После полудня,Парк,72.0,59.1,6,7,0.09,2.18,Избегание
HAYVAN_0576,Белка,После полудня,Парк,66.5,47.7,7,9,0.23,0.9,Привыкание
HAYVAN_0577,Лиса,Утро,Парк,68.0,32.9,6,6,0.05,0.42,Инновационность
HAYVAN_0578,Белка,После полудня,Жилая зона,65.9,11.3,2,8,0.3,2.16,Привыкание
HAYVAN_0579,Белка,Вечер,Промышленная зона,69.8,55.1,9,4,0.24,0.4,Избегание
HAYVAN_0580,Белка,Вечер,Парк,70.4,34.7,7,4,0.28,0.08,Привыкание
HAYVAN_0581,Лиса,После полудня,Торговая зона,66.3,43.4,3,1,0.41,0.87,Избегание
HAYVAN_0582,Белка,Вечер,Промышленная зона,70.1,52.2,8,6,0.07,0.28,Привыкание
HAYVAN_0583,Лиса,Вечер,Промышленная зона,58.2,13.2,1,5,0.83,3.49,Привыкание
HAYVAN_0584,Лиса,Вечер,Торговая зона,61.9,35.5,7,1,0.23,0.68,Инновационность
HAYVAN_0585,Лиса,После полудня,Жилая зона,67.3,24.3,9,7,0.03,5.4,Привыкание
HAYVAN_0586,Лиса,Вечер,Промышленная зона,84.2,34.8,8,4,0.28,0.89,Инновационность
HAYVAN_0587,Енот,Утро,Торговая зона,70.3,36.9,6,1,0.51,1.03,Привыкание
HAYVAN_0588,Голубь,После полудня,Жилая зона,63.7,5.0,2,4,0.16,0.77,Привыкание
HAYVAN_0589,Лиса,Ночь,Жилая зона,62.8,26.6,2,8,0.19,0.18,Избегание
HAYVAN_0590,Енот,После полудня,Торговая зона,72.4,31.3,5,1,0.12,0.96,Избегание
HAYVAN_0591,Голубь,Вечер,Парк,64.0,11.2,5,10,0.34,0.37,Инновационность
HAYVAN_0592,Голубь,После полудня,Парк,71.4,19.0,6,8,0.12,2.15,Привыкание
HAYVAN_0593,Голубь,Вечер,Торговая зона,70.1,31.9,2,3,0.15,1.73,Избегание
HAYVAN_0594,Енот,Утро,Торговая зона,52.5,40.3,2,10,0.11,0.04,Эксплуатация
HAYVAN_0595,Голубь,Утро,Парк,69.7,27.8,7,10,0.53,5.09,Привыкание
HAYVAN_0596,Голубь,Вечер,Промышленная зона,69.7,19.5,6,5,0.23,2.61,Привыкание
HAYVAN_0597,Лиса,Ночь,Парк,73.0,14.9,2,10,0.46,0.78,Привыкание
HAYVAN_0598,Голубь,Вечер,Парк,56.6,24.6,6,3,0.21,1.18,Инновационность
HAYVAN_0599,Енот,Ночь,Торговая зона,75.9,18.0,7,10,0.09,1.44,Избегание
HAYVAN_0600,Енот,Вечер,Промышленная зона,63.3,38.9,5,1,0.5,1.72,Привыкание
HAYVAN_0601,Лиса,Ночь,Парк,84.9,33.8,10,8,0.26,0.83,Эксплуатация
HAYVAN_0602,Лиса,Утро,Жилая зона,82.5,20.2,10,3,0.12,0.54,Инновационность
HAYVAN_0603,Белка,Ночь,Парк,58.9,33.4,6,5,0.18,0.24,Привыкание
HAYVAN_0604,Белка,Вечер,Торговая зона,51.3,65.0,1,6,0.49,4.44,Эксплуатация
HAYVAN_0605,Голубь,Утро,Парк,72.0,41.3,10,6,0.22,2.04,Привыкание
HAYVAN_0606,Лиса,После полудня,Промышленная зона,56.8,33.8,4,4,0.19,0.49,Инновационность
HAYVAN_0607,Голубь,Вечер,Торговая зона,76.5,40.8,9,7,0.16,1.39,Эксплуатация
HAYVAN_0608,Енот,Ночь,Торговая зона,70.3,49.0,10,5,0.29,2.01,Эксплуатация
HAYVAN_0609,Голубь,Ночь,Жилая зона,50.5,7.2,4,4,0.21,0.65,Избегание
HAYVAN_0610,Енот,Утро,Жилая зона,72.8,23.6,7,9,0.18,2.86,Эксплуатация
HAYVAN_0611,Лиса,Ночь,Торговая зона,66.4,20.7,10,9,0.31,3.24,Избегание
HAYVAN_0612,Енот,Утро,Жилая зона,69.1,20.3,4,3,0.41,0.25,Инновационность
HAYVAN_0613,Голубь,Ночь,Жилая зона,80.2,61.7,6,5,0.29,0.52,Эксплуатация
HAYVAN_0614,Белка,После полудня,Жилая зона,63.7,37.7,8,6,0.11,0.42,Эксплуатация
HAYVAN_0615,Енот,Утро,Промышленная зона,72.6,46.7,5,9,0.33,0.17,Инновационность
HAYVAN_0616,Енот,Вечер,Торговая зона,59.0,34.5,7,7,0.19,2.0,Привыкание
HAYVAN_0617,Голубь,Ночь,Жилая зона,59.3,71.3,2,2,0.12,0.13,Эксплуатация
HAYVAN_0618,Белка,Вечер,Парк,62.8,-0.2,1,6,0.12,2.06,Избегание
HAYVAN_0619,Белка,Ночь,Промышленная зона,58.8,22.7,8,10,0.12,1.25,Привыкание
HAYVAN_0620,Енот,Утро,Парк,70.7,23.4,2,4,0.36,2.04,Избегание
HAYVAN_0621,Белка,Утро,Жилая зона,51.8,24.8,7,4,0.13,1.33,Избегание
HAYVAN_0622,Лиса,Утро,Парк,73.3,43.7,4,10,0.1,3.44,Избегание
HAYVAN_0623,Голубь,После полудня,Промышленная зона,57.4,31.4,4,3,0.25,0.39,Избегание
HAYVAN_0624,Белка,Вечер,Торговая зона,68.8,39.8,6,1,0.29,1.33,Привыкание
HAYVAN_0625,Белка,Ночь,Торговая зона,53.1,45.6,3,6,0.18,1.01,Избегание
HAYVAN_0626,Голубь,Утро,Жилая зона,69.8,33.4,4,5,0.35,1.03,Привыкание
HAYVAN_0627,Лиса,Вечер,Торговая зона,75.8,40.9,1,6,0.4,1.11,Избегание
HAYVAN_0628,Лиса,После полудня,Жилая зона,65.1,23.4,8,10,0.23,2.42,Избегание
HAYVAN_0629,Голубь,Ночь,Парк,80.5,20.3,3,9,0.17,0.91,Эксплуатация
HAYVAN_0630,Енот,После полудня,Промышленная зона,63.6,16.7,4,9,0.31,1.91,Избегание
HAYVAN_0631,Голубь,Вечер,Жилая зона,69.1,31.3,8,10,0.63,2.08,Привыкание
HAYVAN_0632,Голубь,После полудня,Промышленная зона,55.7,15.7,4,1,0.08,0.99,Эксплуатация
HAYVAN_0633,Голубь,Ночь,Жилая зона,69.4,14.0,3,8,0.18,0.19,Эксплуатация
HAYVAN_0634,Белка,Ночь,Торговая зона,59.3,39.8,6,10,0.06,0.1,Инновационность
HAYVAN_0635,Голубь,Вечер,Парк,57.8,16.0,1,6,0.17,1.34,Инновационность
HAYVAN_0636,Лиса,Вечер,Промышленная зона,80.8,38.5,2,5,0.56,0.07,Избегание
HAYVAN_0637,Голубь,Утро,Торговая зона,52.3,25.2,9,6,0.16,0.11,Избегание
HAYVAN_0638,Белка,Утро,Торговая зона,63.9,21.3,3,2,0.17,1.53,Эксплуатация
HAYVAN_0639,Лиса,Вечер,Парк,72.1,43.6,6,2,0.6,2.56,Привыкание
HAYVAN_0640,Енот,Утро,Торговая зона,67.3,44.9,10,3,0.16,0.41,Эксплуатация
HAYVAN_0641,Енот,Вечер,Торговая зона,46.5,33.2,8,6,0.41,1.33,Избегание
HAYVAN_0642,Белка,После полудня,Парк,71.0,51.2,6,9,0.23,1.49,Инновационность
HAYVAN_0643,Белка,Ночь,Парк,51.2,4.8,4,1,0.29,0.82,Привыкание
HAYVAN_0644,Лиса,Ночь,Промышленная зона,60.6,46.2,10,1,0.05,0.4,Избегание
HAYVAN_0645,Енот,Утро,Жилая зона,62.6,17.9,7,1,0.1,1.73,Инновационность
HAYVAN_0646,Енот,Вечер,Торговая зона,35.8,26.5,6,8,0.23,0.69,Привыкание
HAYVAN_0647,Белка,Утро,Торговая зона,63.9,35.4,8,5,0.55,0.1,Инновационность
HAYVAN_0648,Белка,Ночь,Промышленная зона,71.7,19.6,2,5,0.27,0.4,Эксплуатация
HAYVAN_0649,Голубь,Утро,Торговая зона,63.3,29.4,9,10,0.29,1.04,Инновационность
HAYVAN_0650,Голубь,Вечер,Торговая зона,66.8,23.6,1,8,0.68,1.97,Инновационность
HAYVAN_0651,Голубь,Ночь,Парк,87.6,26.6,5,9,0.07,1.04,Эксплуатация
HAYVAN_0652,Енот,Вечер,Торговая зона,76.3,61.6,6,7,0.21,0.3,Эксплуатация
HAYVAN_0653,Енот,Ночь,Торговая зона,65.6,2.2,5,3,0.26,1.99,Привыкание
HAYVAN_0654,Белка,Вечер,Жилая зона,90.9,26.8,5,4,0.41,1.13,Привыкание
HAYVAN_0655,Белка,Ночь,Парк,58.6,35.9,5,8,0.3,0.89,Эксплуатация
HAYVAN_0656,Енот,Утро,Парк,70.2,13.0,1,3,0.08,1.41,Инновационность
HAYVAN_0657,Енот,Ночь,Жилая зона,49.2,27.5,2,7,0.2,2.66,Привыкание
HAYVAN_0658,Лиса,Утро,Торговая зона,69.0,34.5,7,6,0.04,2.3,Привыкание
HAYVAN_0659,Лиса,Вечер,Торговая зона,63.9,35.4,4,3,0.23,1.8,Привыкание
HAYVAN_0660,Белка,Ночь,Жилая зона,65.6,42.3,8,5,0.05,0.68,Эксплуатация
HAYVAN_0661,Енот,Вечер,Жилая зона,68.7,46.5,1,8,0.26,3.27,Эксплуатация
HAYVAN_0662,Белка,После полудня,Торговая зона,67.8,25.0,1,2,0.44,1.18,Эксплуатация
HAYVAN_0663,Енот,Ночь,Промышленная зона,54.3,31.3,2,6,0.44,0.38,Привыкание
HAYVAN_0664,Голубь,Утро,Торговая зона,61.2,8.7,3,8,0.23,0.07,Привыкание
HAYVAN_0665,Голубь,После полудня,Торговая зона,65.1,29.2,2,8,0.08,0.34,Привыкание
HAYVAN_0666,Белка,Утро,Промышленная зона,50.7,8.2,9,8,0.18,0.3,Эксплуатация
HAYVAN_0667,Лиса,Утро,Парк,73.0,30.2,4,4,0.33,0.39,Привыкание
HAYVAN_0668,Голубь,Утро,Промышленная зона,83.8,42.4,9,7,0.68,2.32,Инновационность
HAYVAN_0669,Голубь,Вечер,Промышленная зона,68.0,36.2,1,9,0.2,1.49,Привыкание
HAYVAN_0670,Лиса,Вечер,Промышленная зона,59.7,31.4,4,6,0.05,1.08,Избегание
HAYVAN_0671,Енот,Вечер,Жилая зона,42.0,42.1,7,5,0.41,0.59,Инновационность
HAYVAN_0672,Енот,Вечер,Торговая зона,49.8,46.1,1,10,0.37,0.02,Инновационность
HAYVAN_0673,Белка,Вечер,Парк,68.4,17.6,5,9,0.23,0.47,Привыкание
HAYVAN_0674,Голубь,Утро,Парк,77.6,47.8,8,2,0.17,1.58,Эксплуатация
HAYVAN_0675,Голубь,После полудня,Парк,62.8,18.7,10,6,0.03,0.87,Инновационность
HAYVAN_0676,Голубь,После полудня,Промышленная зона,50.1,23.3,8,7,0.26,1.29,Эксплуатация
HAYVAN_0677,Белка,После полудня,Торговая зона,56.3,40.9,6,1,0.29,0.21,Эксплуатация
HAYVAN_0678,Голубь,После полудня,Жилая зона,59.3,32.7,3,4,0.42,0.73,Избегание
HAYVAN_0679,Лиса,Вечер,Жилая зона,45.7,29.7,7,6,0.09,5.84,Эксплуатация
HAYVAN_0680,Голубь,Ночь,Торговая зона,61.9,32.6,4,5,0.19,0.25,Избегание
HAYVAN_0681,Белка,После полудня,Жилая зона,73.9,49.7,5,6,0.68,1.5,Эксплуатация
HAYVAN_0682,Енот,Ночь,Промышленная зона,48.2,31.0,7,2,0.67,0.76,Инновационность
HAYVAN_0683,Голубь,Ночь,Парк,59.4,41.2,6,7,0.36,1.74,Избегание
HAYVAN_0684,Голубь,Ночь,Торговая зона,44.8,40.8,8,7,0.22,1.15,Эксплуатация
HAYVAN_0685,Голубь,Ночь,Торговая зона,56.8,61.3,6,8,0.12,1.8,Инновационность
HAYVAN_0686,Белка,После полудня,Парк,63.5,50.7,4,2,0.48,1.08,Привыкание
HAYVAN_0687,Белка,После полудня,Жилая зона,75.2,40.6,4,10,0.55,1.09,Привыкание
HAYVAN_0688,Голубь,Утро,Торговая зона,69.6,40.8,5,8,0.5,1.41,Эксплуатация
HAYVAN_0689,Енот,Ночь,Торговая зона,53.2,32.5,9,5,0.38,0.94,Избегание
HAYVAN_0690,Енот,После полудня,Парк,65.9,27.6,5,8,0.11,0.18,Инновационность
HAYVAN_0691,Голубь,Утро,Парк,61.7,29.8,3,3,0.56,0.63,Инновационность
HAYVAN_0692,Голубь,Утро,Жилая зона,64.9,30.4,3,1,0.05,0.4,Привыкание
HAYVAN_0693,Голубь,Утро,Жилая зона,63.0,23.3,9,5,0.4,1.02,Избегание
HAYVAN_0694,Лиса,После полудня,Промышленная зона,68.1,23.8,3,5,0.41,5.33,Инновационность
HAYVAN_0695,Голубь,Вечер,Жилая зона,66.8,29.0,10,9,0.51,0.21,Привыкание
HAYVAN_0696,Белка,Ночь,Жилая зона,73.7,25.1,6,7,0.2,0.9,Привыкание
HAYVAN_0697,Белка,Ночь,Парк,66.2,27.1,2,4,0.47,3.84,Инновационность
HAYVAN_0698,Енот,После полудня,Промышленная зона,81.9,27.5,3,9,0.28,0.31,Избегание
HAYVAN_0699,Лиса,Ночь,Промышленная зона,70.2,43.6,7,10,0.08,2.75,Эксплуатация
HAYVAN_0700,Белка,Ночь,Торговая зона,79.8,41.9,10,2,0.13,0.05,Привыкание
HAYVAN_0701,Белка,Вечер,Парк,72.2,45.4,7,5,0.16,0.5,Привыкание
HAYVAN_0702,Голубь,После полудня,Торговая зона,58.3,48.7,10,4,0.33,0.68,Привыкание
HAYVAN_0703,Лиса,После полудня,Жилая зона,77.4,19.2,3,8,0.15,2.37,Эксплуатация
HAYVAN_0704,Енот,Вечер,Торговая зона,76.8,30.4,10,10,0.38,3.03,Эксплуатация
HAYVAN_0705,Белка,Утро,Жилая зона,36.3,34.5,5,7,0.29,0.45,Привыкание
HAYVAN_0706,Енот,Утро,Жилая зона,59.5,36.6,1,2,0.52,0.32,Эксплуатация
HAYVAN_0707,Лиса,Утро,Промышленная зона,79.4,37.7,10,9,0.18,1.35,Избегание
HAYVAN_0708,Белка,Вечер,Промышленная зона,75.5,51.3,8,3,0.11,0.74,Привыкание
HAYVAN_0709,Голубь,Ночь,Парк,50.4,21.8,6,5,0.32,0.09,Эксплуатация
HAYVAN_0710,Енот,Ночь,Парк,73.6,33.5,4,7,0.17,0.71,Избегание
HAYVAN_0711,Голубь,После полудня,Торговая зона,82.3,11.7,9,2,0.47,0.31,Привыкание
HAYVAN_0712,Лиса,После полудня,Торговая зона,71.1,36.3,9,8,0.04,0.98,Эксплуатация
HAYVAN_0713,Лиса,Вечер,Жилая зона,50.2,6.1,9,2,0.02,2.26,Инновационность
HAYVAN_0714,Енот,Ночь,Жилая зона,57.2,35.4,1,4,0.21,0.04,Инновационность
HAYVAN_0715,Белка,Утро,Промышленная зона,69.0,48.6,10,6,0.12,0.84,Привыкание
HAYVAN_0716,Лиса,После полудня,Торговая зона,62.8,39.3,3,1,0.31,4.11,Эксплуатация
HAYVAN_0717,Енот,Вечер,Парк,77.8,14.0,3,10,0.61,0.91,Привыкание
HAYVAN_0718,Лиса,Ночь,Парк,72.3,18.4,3,6,0.13,1.02,Избегание
HAYVAN_0719,Енот,Вечер,Промышленная зона,84.6,39.3,10,2,0.28,1.58,Избегание
HAYVAN_0720,Енот,После полудня,Жилая зона,75.2,28.3,4,6,0.09,0.53,Привыкание
HAYVAN_0721,Голубь,Вечер,Парк,70.5,-2.7,4,6,0.33,0.02,Эксплуатация
HAYVAN_0722,Белка,Ночь,Торговая зона,61.9,51.3,4,6,0.21,2.4,Избегание
HAYVAN_0723,Белка,Вечер,Торговая зона,79.0,32.8,1,3,0.64,0.05,Привыкание
HAYVAN_0724,Енот,Утро,Жилая зона,65.1,8.6,4,7,0.21,2.2,Привыкание
HAYVAN_0725,Лиса,Вечер,Промышленная зона,54.7,33.5,10,2,0.45,0.94,Привыкание
HAYVAN_0726,Лиса,Ночь,Парк,65.5,63.2,1,2,0.32,4.82,Инновационность
HAYVAN_0727,Голубь,Утро,Жилая зона,64.1,27.8,10,10,0.54,3.69,Инновационность
HAYVAN_0728,Белка,Ночь,Торговая зона,55.1,27.6,6,10,0.33,1.58,Эксплуатация
HAYVAN_0729,Голубь,Вечер,Парк,73.3,20.4,10,4,0.1,1.19,Инновационность
HAYVAN_0730,Енот,Утро,Жилая зона,63.6,39.7,2,9,0.11,0.23,Избегание
HAYVAN_0731,Голубь,После полудня,Промышленная зона,69.0,33.8,10,9,0.39,0.23,Привыкание
HAYVAN_0732,Лиса,После полудня,Торговая зона,57.2,42.2,8,8,0.12,0.48,Привыкание
HAYVAN_0733,Енот,Утро,Парк,63.4,19.1,8,5,0.58,3.03,Привыкание
HAYVAN_0734,Голубь,Ночь,Промышленная зона,72.7,40.9,3,1,0.52,2.62,Привыкание
HAYVAN_0735,Голубь,После полудня,Парк,62.5,12.3,5,5,0.04,0.13,Избегание
HAYVAN_0736,Белка,Вечер,Парк,61.3,37.4,1,5,0.25,0.25,Избегание
HAYVAN_0737,Лиса,Утро,Парк,86.8,18.1,5,4,0.32,1.81,Избегание
HAYVAN_0738,Енот,Ночь,Парк,68.2,30.6,3,1,0.16,1.05,Привыкание
HAYVAN_0739,Голубь,Ночь,Жилая зона,72.3,6.6,3,5,0.13,5.36,Инновационность
HAYVAN_0740,Голубь,Утро,Промышленная зона,72.5,31.5,10,4,0.29,1.4,Эксплуатация
HAYVAN_0741,Лиса,Ночь,Промышленная зона,66.0,29.7,10,9,0.29,0.52,Эксплуатация
HAYVAN_0742,Лиса,После полудня,Парк,70.3,7.1,3,8,0.04,0.37,Избегание
HAYVAN_0743,Голубь,Утро,Торговая зона,55.3,56.0,5,3,0.21,1.23,Привыкание
HAYVAN_0744,Голубь,После полудня,Жилая зона,79.5,39.3,1,2,0.26,2.79,Эксплуатация
HAYVAN_0745,Лиса,Ночь,Жилая зона,77.5,13.7,10,2,0.5,1.23,Привыкание
HAYVAN_0746,Голубь,Утро,Промышленная зона,66.9,14.9,10,1,0.09,1.63,Инновационность
HAYVAN_0747,Белка,После полудня,Торговая зона,65.1,26.3,3,2,0.23,2.25,Привыкание
HAYVAN_0748,Белка,После полудня,Торговая зона,52.6,21.5,7,8,0.49,2.21,Эксплуатация
HAYVAN_0749,Белка,Ночь,Торговая зона,75.3,28.6,4,2,0.38,0.51,Эксплуатация
HAYVAN_0750,Лиса,Вечер,Промышленная зона,62.4,-2.5,3,7,0.44,0.08,Избегание
HAYVAN_0751,Енот,Ночь,Промышленная зона,71.1,55.4,9,5,0.23,0.84,Привыкание
HAYVAN_0752,Голубь,Вечер,Парк,50.6,19.2,2,10,0.26,0.77,Привыкание
HAYVAN_0753,Голубь,Утро,Промышленная зона,71.3,48.2,1,3,0.24,1.75,Эксплуатация
HAYVAN_0754,Лиса,После полудня,Торговая зона,63.2,27.5,7,6,0.38,2.12,Эксплуатация
HAYVAN_0755,Голубь,Вечер,Парк,65.1,66.7,1,5,0.17,3.59,Эксплуатация
HAYVAN_0756,Лиса,Утро,Жилая зона,50.8,42.9,10,8,0.53,0.82,Привыкание
HAYVAN_0757,Енот,После полудня,Парк,71.8,45.9,3,2,0.4,2.95,Избегание
HAYVAN_0758,Лиса,Вечер,Жилая зона,58.9,47.9,10,1,0.18,1.89,Привыкание
HAYVAN_0759,Голубь,После полудня,Жилая зона,64.5,31.3,1,8,0.25,1.46,Избегание
HAYVAN_0760,Белка,Вечер,Торговая зона,73.0,32.3,2,9,0.06,2.32,Инновационность
HAYVAN_0761,Голубь,После полудня,Парк,64.1,28.1,3,3,0.43,4.02,Избегание
HAYVAN_0762,Лиса,Утро,Жилая зона,84.9,35.4,6,5,0.09,3.89,Инновационность
HAYVAN_0763,Голубь,Вечер,Жилая зона,56.0,31.1,5,10,0.48,2.57,Привыкание
HAYVAN_0764,Белка,После полудня,Парк,67.4,35.4,6,3,0.3,0.56,Избегание
HAYVAN_0765,Лиса,Вечер,Жилая зона,69.1,18.1,7,8,0.17,0.54,Эксплуатация
HAYVAN_0766,Голубь,Вечер,Парк,54.8,23.8,9,10,0.23,0.73,Избегание
HAYVAN_0767,Енот,Ночь,Парк,65.9,38.3,4,7,0.27,1.26,Эксплуатация
HAYVAN_0768,Белка,После полудня,Промышленная зона,63.1,30.3,1,8,0.33,2.5,Эксплуатация
HAYVAN_0769,Енот,Утро,Жилая зона,67.3,37.3,3,10,0.44,1.55,Эксплуатация
HAYVAN_0770,Лиса,Вечер,Парк,69.5,40.1,8,4,0.48,5.89,Привыкание
HAYVAN_0771,Белка,После полудня,Торговая зона,79.0,43.3,8,10,0.24,1.14,Привыкание
HAYVAN_0772,Енот,Утро,Торговая зона,67.9,37.4,5,5,0.11,0.1,Привыкание
HAYVAN_0773,Енот,Ночь,Парк,70.5,26.5,2,10,0.16,0.14,Инновационность
HAYVAN_0774,Белка,Ночь,Жилая зона,80.0,17.0,8,9,0.28,3.25,Привыкание
HAYVAN_0775,Белка,После полудня,Жилая зона,49.2,47.4,8,5,0.36,1.44,Привыкание
HAYVAN_0776,Голубь,После полудня,Торговая зона,62.4,19.6,4,3,0.48,2.03,Эксплуатация
HAYVAN_0777,Голубь,Вечер,Парк,65.4,30.0,8,7,0.06,0.64,Избегание
HAYVAN_0778,Енот,После полудня,Торговая зона,49.4,54.3,8,10,0.31,0.79,Инновационность
HAYVAN_0779,Белка,Ночь,Промышленная зона,65.8,18.1,10,6,0.06,0.74,Эксплуатация
HAYVAN_0780,Белка,После полудня,Промышленная зона,41.4,25.9,1,9,0.09,1.92,Привыкание
HAYVAN_0781,Белка,Утро,Торговая зона,72.1,31.8,1,9,0.27,0.07,Избегание
HAYVAN_0782,Голубь,Ночь,Парк,50.2,3.2,3,10,0.71,0.16,Инновационность
HAYVAN_0783,Енот,Вечер,Промышленная зона,52.5,14.0,3,7,0.25,3.81,Привыкание
HAYVAN_0784,Енот,После полудня,Промышленная зона,70.2,48.8,7,4,0.08,3.02,Эксплуатация
HAYVAN_0785,Голубь,Вечер,Жилая зона,48.3,36.8,7,3,0.32,1.95,Привыкание
HAYVAN_0786,Белка,Утро,Жилая зона,85.5,42.4,3,9,0.35,2.9,Эксплуатация
HAYVAN_0787,Белка,Ночь,Парк,66.2,33.8,5,1,0.27,0.76,Избегание
HAYVAN_0788,Белка,Ночь,Жилая зона,64.0,0.7,9,10,0.5,3.5,Эксплуатация
HAYVAN_0789,Енот,Утро,Парк,77.0,14.7,1,1,0.13,2.67,Инновационность
HAYVAN_0790,Голубь,После полудня,Промышленная зона,64.2,-3.4,1,7,0.51,0.47,Привыкание
HAYVAN_0791,Енот,Вечер,Жилая зона,67.4,39.6,6,3,0.23,0.93,Избегание
HAYVAN_0792,Енот,После полудня,Парк,63.4,70.7,5,9,0.36,1.14,Эксплуатация
HAYVAN_0793,Лиса,Вечер,Жилая зона,60.0,6.5,2,1,0.17,1.34,Привыкание
HAYVAN_0794,Голубь,Вечер,Промышленная зона,68.7,46.1,8,1,0.15,0.88,Привыкание
HAYVAN_0795,Голубь,Ночь,Торговая зона,70.3,46.3,2,8,0.15,0.38,Избегание
HAYVAN_0796,Енот,Ночь,Промышленная зона,52.3,32.8,8,5,0.14,2.52,Избегание
HAYVAN_0797,Голубь,Ночь,Жилая зона,56.2,9.4,1,6,0.14,0.32,Привыкание
HAYVAN_0798,Голубь,Ночь,Жилая зона,58.4,17.0,4,10,0.2,0.52,Инновационность
HAYVAN_0799,Голубь,Ночь,Промышленная зона,64.7,-0.3,5,9,0.65,0.63,Привыкание
HAYVAN_0800,Голубь,Ночь,Парк,68.5,28.1,2,9,0.26,0.14,Привыкание
HAYVAN_0801,Голубь,Утро,Торговая зона,86.6,33.3,1,7,0.42,0.07,Избегание
HAYVAN_0802,Голубь,После полудня,Промышленная зона,67.8,42.3,9,7,0.14,1.01,Инновационность
HAYVAN_0803,Енот,Вечер,Торговая зона,63.3,26.9,9,3,0.25,1.09,Эксплуатация
HAYVAN_0804,Белка,Утро,Промышленная зона,57.9,17.3,10,9,0.4,1.77,Привыкание
HAYVAN_0805,Белка,Утро,Промышленная зона,74.9,19.6,6,2,0.26,2.26,Избегание
HAYVAN_0806,Голубь,Ночь,Промышленная зона,64.9,28.0,1,9,0.07,1.88,Избегание
HAYVAN_0807,Голубь,Вечер,Промышленная зона,68.4,34.5,3,9,0.22,2.95,Привыкание
HAYVAN_0808,Белка,После полудня,Жилая зона,65.0,50.9,1,6,0.28,1.74,Привыкание
HAYVAN_0809,Голубь,После полудня,Промышленная зона,70.5,60.7,8,9,0.34,0.19,Эксплуатация
HAYVAN_0810,Лиса,После полудня,Парк,69.8,29.9,9,9,0.65,1.92,Эксплуатация
HAYVAN_0811,Лиса,После полудня,Жилая зона,68.7,13.8,10,5,0.2,1.62,Инновационность
HAYVAN_0812,Голубь,Утро,Парк,65.0,48.4,4,4,0.55,0.38,Привыкание
HAYVAN_0813,Енот,После полудня,Торговая зона,65.9,68.4,1,9,0.54,1.86,Инновационность
HAYVAN_0814,Белка,Ночь,Промышленная зона,68.8,18.7,6,6,0.41,0.38,Привыкание
HAYVAN_0815,Енот,После полудня,Промышленная зона,45.8,22.5,5,3,0.06,0.24,Избегание
HAYVAN_0816,Голубь,Вечер,Жилая зона,64.7,28.2,1,9,0.09,1.15,Инновационность
HAYVAN_0817,Енот,Вечер,Парк,74.8,30.3,6,7,0.23,2.52,Привыкание
HAYVAN_0818,Голубь,Вечер,Парк,60.2,19.9,3,8,0.39,2.47,Привыкание
HAYVAN_0819,Белка,Ночь,Жилая зона,44.1,9.2,10,2,0.07,0.87,Привыкание
HAYVAN_0820,Голубь,Вечер,Промышленная зона,51.1,39.2,8,10,0.18,0.07,Привыкание
HAYVAN_0821,Енот,Ночь,Торговая зона,65.8,28.0,8,7,0.13,0.28,Избегание
HAYVAN_0822,Енот,Ночь,Парк,57.8,46.9,7,2,0.3,0.73,Привыкание
HAYVAN_0823,Белка,Ночь,Парк,66.3,38.2,4,5,0.57,1.61,Инновационность
HAYVAN_0824,Белка,Утро,Промышленная зона,64.8,45.3,6,8,0.13,1.42,Эксплуатация
HAYVAN_0825,Голубь,После полудня,Жилая зона,60.3,30.9,8,10,0.23,1.56,Избегание
HAYVAN_0826,Лиса,После полудня,Парк,55.9,40.5,1,6,0.12,0.82,Привыкание
HAYVAN_0827,Енот,Утро,Парк,67.0,19.1,9,5,0.57,0.03,Привыкание
HAYVAN_0828,Лиса,Ночь,Торговая зона,65.7,37.5,5,3,0.48,0.2,Эксплуатация
HAYVAN_0829,Голубь,Утро,Торговая зона,63.8,45.2,4,4,0.38,0.78,Эксплуатация
HAYVAN_0830,Белка,Утро,Парк,73.7,49.9,2,9,0.32,2.43,Эксплуатация
HAYVAN_0831,Голубь,Ночь,Жилая зона,67.0,25.6,8,5,0.12,3.11,Избегание
HAYVAN_0832,Белка,Утро,Торговая зона,59.0,39.0,10,10,0.16,0.12,Инновационность
HAYVAN_0833,Голубь,После полудня,Промышленная зона,61.4,49.6,9,6,0.3,1.9,Избегание
HAYVAN_0834,Голубь,Утро,Промышленная зона,64.4,6.7,3,10,0.56,7.02,Избегание
HAYVAN_0835,Лиса,После полудня,Промышленная зона,66.2,24.7,1,2,0.34,1.68,Эксплуатация
HAYVAN_0836,Енот,Вечер,Торговая зона,78.4,38.8,5,1,0.2,6.34,Избегание
HAYVAN_0837,Енот,Вечер,Торговая зона,81.9,25.8,4,4,0.23,1.35,Привыкание
HAYVAN_0838,Енот,Утро,Промышленная зона,60.3,20.2,10,1,0.6,0.04,Избегание
HAYVAN_0839,Белка,После полудня,Торговая зона,54.8,36.6,7,5,0.22,2.49,Эксплуатация
HAYVAN_0840,Голубь,Вечер,Промышленная зона,59.6,23.0,3,2,0.37,0.34,Эксплуатация
HAYVAN_0841,Лиса,Вечер,Промышленная зона,69.2,31.2,7,8,0.17,1.42,Эксплуатация
HAYVAN_0842,Голубь,Утро,Жилая зона,73.3,6.9,6,5,0.04,1.89,Инновационность
HAYVAN_0843,Голубь,После полудня,Парк,60.9,23.1,1,7,0.47,4.06,Инновационность
HAYVAN_0844,Голубь,Утро,Жилая зона,55.9,34.4,2,2,0.26,0.31,Привыкание
HAYVAN_0845,Белка,После полудня,Промышленная зона,68.8,28.7,5,8,0.18,1.18,Избегание
HAYVAN_0846,Лиса,Ночь,Торговая зона,71.2,29.5,6,2,0.09,2.25,Инновационность
HAYVAN_0847,Енот,После полудня,Парк,75.3,34.9,2,7,0.41,2.2,Избегание
HAYVAN_0848,Енот,После полудня,Торговая зона,58.6,46.6,2,2,0.19,1.94,Инновационность
HAYVAN_0849,Енот,После полудня,Парк,68.3,26.5,3,5,0.33,1.2,Инновационность
HAYVAN_0850,Голубь,Утро,Жилая зона,48.7,29.8,3,1,0.76,0.07,Избегание
HAYVAN_0851,Голубь,Вечер,Парк,63.9,31.3,9,2,0.04,0.73,Инновационность
HAYVAN_0852,Белка,После полудня,Промышленная зона,72.2,23.0,2,1,0.36,1.83,Эксплуатация
HAYVAN_0853,Лиса,После полудня,Парк,79.8,18.4,6,8,0.24,1.02,Избегание
HAYVAN_0854,Енот,После полудня,Парк,68.0,42.8,1,5,0.46,0.82,Привыкание
HAYVAN_0855,Белка,Ночь,Промышленная зона,62.6,12.7,10,3,0.28,0.69,Избегание
HAYVAN_0856,Голубь,Утро,Промышленная зона,50.9,39.1,3,1,0.17,1.15,Привыкание
HAYVAN_0857,Голубь,После полудня,Промышленная зона,67.3,27.0,7,4,0.13,0.31,Привыкание
HAYVAN_0858,Голубь,Ночь,Жилая зона,71.3,25.1,6,7,0.37,0.02,Привыкание
HAYVAN_0859,Лиса,Вечер,Промышленная зона,75.1,35.0,6,1,0.54,2.58,Избегание
HAYVAN_0860,Белка,Ночь,Жилая зона,67.4,37.3,8,3,0.18,4.79,Привыкание
HAYVAN_0861,Лиса,Ночь,Жилая зона,55.4,14.6,6,5,0.29,2.04,Эксплуатация
HAYVAN_0862,Белка,Ночь,Жилая зона,70.5,29.6,2,10,0.11,0.25,Инновационность
HAYVAN_0863,Лиса,После полудня,Промышленная зона,81.9,23.5,2,2,0.2,0.42,Привыкание
HAYVAN_0864,Белка,Вечер,Парк,62.4,19.0,5,2,0.47,0.1,Избегание
HAYVAN_0865,Енот,Вечер,Торговая зона,57.0,-1.2,3,7,0.25,1.33,Избегание
HAYVAN_0866,Лиса,Ночь,Жилая зона,61.7,42.9,5,3,0.59,3.8,Эксплуатация
HAYVAN_0867,Лиса,Утро,Жилая зона,64.9,43.5,5,1,0.22,3.87,Инновационность
HAYVAN_0868,Енот,Ночь,Промышленная зона,59.8,12.6,5,1,0.31,0.23,Привыкание
HAYVAN_0869,Белка,Вечер,Промышленная зона,72.1,28.5,1,2,0.18,1.5,Инновационность
HAYVAN_0870,Лиса,После полудня,Жилая зона,69.3,11.8,5,2,0.23,0.18,Эксплуатация
HAYVAN_0871,Енот,Вечер,Жилая зона,61.7,24.8,4,4,0.2,0.66,Избегание
HAYVAN_0872,Голубь,После полудня,Жилая зона,64.8,20.5,1,10,0.3,1.83,Избегание
HAYVAN_0873,Голубь,Вечер,Торговая зона,49.6,50.4,7,9,0.54,0.07,Эксплуатация
HAYVAN_0874,Енот,После полудня,Жилая зона,68.2,9.5,2,8,0.38,0.84,Привыкание
HAYVAN_0875,Енот,Утро,Жилая зона,51.1,3.3,1,9,0.21,0.19,Инновационность
HAYVAN_0876,Голубь,После полудня,Парк,62.2,24.8,8,7,0.44,4.27,Эксплуатация
HAYVAN_0877,Лиса,Ночь,Торговая зона,60.4,25.7,3,1,0.35,1.31,Эксплуатация
HAYVAN_0878,Голубь,Утро,Парк,69.7,59.5,9,2,0.19,1.12,Инновационность
HAYVAN_0879,Голубь,После полудня,Промышленная зона,60.6,18.6,3,7,0.2,1.12,Инновационность
HAYVAN_0880,Лиса,Ночь,Жилая зона,64.5,52.2,9,3,0.38,0.74,Избегание
HAYVAN_0881,Лиса,Вечер,Промышленная зона,80.0,37.6,5,6,0.36,1.83,Избегание
HAYVAN_0882,Лиса,После полудня,Торговая зона,49.3,54.8,9,2,0.28,0.7,Эксплуатация
HAYVAN_0883,Енот,Ночь,Парк,66.1,34.2,8,9,0.13,0.84,Инновационность
HAYVAN_0884,Голубь,Вечер,Парк,73.6,5.8,3,4,0.15,0.79,Эксплуатация
HAYVAN_0885,Голубь,После полудня,Торговая зона,58.7,16.1,4,6,0.37,0.63,Привыкание
HAYVAN_0886,Лиса,После полудня,Жилая зона,65.2,38.2,1,9,0.18,1.06,Избегание
HAYVAN_0887,Белка,После полудня,Промышленная зона,51.4,16.8,8,8,0.52,0.26,Привыкание
HAYVAN_0888,Голубь,Ночь,Торговая зона,48.9,65.9,9,6,0.14,1.16,Привыкание
HAYVAN_0889,Голубь,Утро,Парк,72.2,2.6,5,4,0.27,5.32,Привыкание
HAYVAN_0890,Лиса,Вечер,Жилая зона,61.7,20.6,4,3,0.34,0.44,Эксплуатация
HAYVAN_0891,Лиса,Утро,Парк,51.9,37.1,4,3,0.12,1.42,Избегание
HAYVAN_0892,Голубь,Утро,Жилая зона,60.3,30.3,10,10,0.3,1.29,Инновационность
HAYVAN_0893,Голубь,Утро,Промышленная зона,71.0,23.0,4,6,0.59,0.47,Эксплуатация
HAYVAN_0894,Енот,Утро,Жилая зона,70.5,51.8,9,7,0.22,1.86,Привыкание
HAYVAN_0895,Енот,После полудня,Промышленная зона,75.5,31.2,6,7,0.33,0.56,Эксплуатация
HAYVAN_0896,Енот,Ночь,Промышленная зона,60.0,46.2,7,5,0.39,0.52,Привыкание
HAYVAN_0897,Енот,После полудня,Парк,58.7,23.7,8,4,0.31,1.77,Эксплуатация
HAYVAN_0898,Белка,Ночь,Торговая зона,68.3,45.6,3,3,0.15,1.12,Привыкание
HAYVAN_0899,Голубь,Ночь,Торговая зона,75.0,33.5,10,7,0.21,3.27,Инновационность
HAYVAN_0900,Енот,Утро,Промышленная зона,61.3,5.7,2,7,0.5,0.23,Эксплуатация
HAYVAN_0901,Белка,Утро,Торговая зона,74.6,11.8,6,2,0.68,2.17,Инновационность
HAYVAN_0902,Енот,Утро,Торговая зона,61.7,46.9,10,9,0.76,1.77,Эксплуатация
HAYVAN_0903,Голубь,Ночь,Парк,85.4,30.0,1,4,0.5,0.25,Привыкание
HAYVAN_0904,Енот,Вечер,Жилая зона,47.8,47.2,7,6,0.12,0.18,Привыкание
HAYVAN_0905,Белка,Вечер,Жилая зона,80.3,40.9,3,6,0.18,0.15,Избегание
HAYVAN_0906,Енот,После полудня,Торговая зона,50.0,13.2,8,5,0.38,2.2,Эксплуатация
HAYVAN_0907,Лиса,Вечер,Торговая зона,77.2,12.2,4,3,0.22,2.0,Эксплуатация
HAYVAN_0908,Белка,Утро,Парк,65.9,28.5,10,4,0.28,2.61,Эксплуатация
HAYVAN_0909,Лиса,Ночь,Парк,60.5,32.5,6,9,0.43,2.02,Избегание
HAYVAN_0910,Белка,Вечер,Промышленная зона,55.9,19.6,1,1,0.04,3.59,Избегание
HAYVAN_0911,Енот,Ночь,Жилая зона,55.7,37.7,8,10,0.3,0.05,Эксплуатация
HAYVAN_0912,Лиса,Утро,Промышленная зона,71.8,26.8,8,1,0.35,0.15,Привыкание
HAYVAN_0913,Лиса,Вечер,Парк,69.6,18.6,3,1,0.53,0.08,Привыкание
HAYVAN_0914,Голубь,Вечер,Парк,63.1,33.8,1,1,0.55,1.47,Привыкание
HAYVAN_0915,Белка,Ночь,Парк,64.7,20.4,10,9,0.13,0.12,Эксплуатация
HAYVAN_0916,Лиса,Вечер,Промышленная зона,56.3,8.2,9,4,0.17,2.79,Избегание
HAYVAN_0917,Белка,После полудня,Промышленная зона,63.7,53.6,4,9,0.52,3.17,Эксплуатация
HAYVAN_0918,Лиса,Вечер,Парк,73.9,0.5,10,1,0.29,3.0,Привыкание
HAYVAN_0919,Голубь,После полудня,Жилая зона,55.9,5.1,3,7,0.42,3.33,Эксплуатация
HAYVAN_0920,Голубь,Ночь,Парк,70.2,42.4,9,10,0.41,5.54,Привыкание
HAYVAN_0921,Голубь,Ночь,Торговая зона,60.4,34.0,1,3,0.34,0.51,Избегание
HAYVAN_0922,Енот,Ночь,Промышленная зона,49.7,21.5,8,3,0.13,1.19,Избегание
HAYVAN_0923,Голубь,Ночь,Парк,75.6,59.1,8,9,0.24,0.3,Эксплуатация
HAYVAN_0924,Голубь,После полудня,Парк,51.3,24.1,10,5,0.19,0.01,Привыкание
HAYVAN_0925,Енот,Вечер,Промышленная зона,60.4,28.3,6,2,0.08,0.75,Привыкание
HAYVAN_0926,Енот,Утро,Промышленная зона,75.7,30.2,9,5,0.06,0.06,Привыкание
HAYVAN_0927,Голубь,Утро,Промышленная зона,57.1,39.2,10,9,0.83,2.52,Привыкание
HAYVAN_0928,Енот,Утро,Парк,74.4,40.4,9,2,0.12,3.53,Эксплуатация
HAYVAN_0929,Белка,Ночь,Промышленная зона,60.5,50.4,5,7,0.65,0.56,Инновационность
HAYVAN_0930,Голубь,Вечер,Промышленная зона,64.1,23.0,3,2,0.35,0.21,Привыкание
HAYVAN_0931,Голубь,После полудня,Жилая зона,83.8,29.3,9,5,0.34,0.73,Привыкание
HAYVAN_0932,Енот,Вечер,Жилая зона,76.4,25.5,2,1,0.04,0.99,Инновационность
HAYVAN_0933,Голубь,После полудня,Жилая зона,65.9,10.1,8,9,0.33,0.78,Избегание
HAYVAN_0934,Енот,Утро,Торговая зона,58.5,25.1,10,2,0.13,1.42,Избегание
HAYVAN_0935,Енот,Вечер,Промышленная зона,65.3,35.0,3,4,0.29,1.68,Инновационность
HAYVAN_0936,Голубь,Ночь,Промышленная зона,81.5,31.7,5,9,0.36,3.31,Эксплуатация
HAYVAN_0937,Белка,Утро,Парк,86.7,51.4,3,4,0.41,2.07,Привыкание
HAYVAN_0938,Голубь,Вечер,Торговая зона,58.8,33.0,8,3,0.11,1.93,Эксплуатация
HAYVAN_0939,Енот,Утро,Жилая зона,79.4,15.1,10,6,0.23,0.21,Эксплуатация
HAYVAN_0940,Енот,Вечер,Промышленная зона,49.2,22.3,8,5,0.1,1.33,Избегание
HAYVAN_0941,Лиса,Ночь,Торговая зона,70.9,17.8,1,1,0.21,2.59,Привыкание
HAYVAN_0942,Лиса,После полудня,Жилая зона,68.7,21.0,7,9,0.05,0.61,Привыкание
HAYVAN_0943,Лиса,После полудня,Парк,75.4,28.7,8,10,0.26,4.09,Инновационность
HAYVAN_0944,Голубь,Ночь,Жилая зона,56.7,41.4,9,4,0.18,2.12,Эксплуатация
HAYVAN_0945,Голубь,Утро,Торговая зона,66.5,43.0,2,7,0.16,0.61,Привыкание
HAYVAN_0946,Белка,После полудня,Торговая зона,46.4,16.3,1,8,0.23,0.35,Инновационность
HAYVAN_0947,Голубь,Ночь,Парк,58.7,36.3,10,8,0.07,1.11,Инновационность
HAYVAN_0948,Лиса,Вечер,Промышленная зона,64.8,29.0,3,10,0.34,0.34,Избегание
HAYVAN_0949,Голубь,После полудня,Парк,66.9,24.7,2,1,0.24,0.89,Эксплуатация
HAYVAN_0950,Голубь,Утро,Промышленная зона,92.9,20.0,8,3,0.56,3.21,Эксплуатация
HAYVAN_0951,Енот,Утро,Торговая зона,59.9,19.0,9,5,0.31,0.1,Инновационность
HAYVAN_0952,Енот,Утро,Парк,65.2,22.0,1,8,0.39,0.07,Эксплуатация
HAYVAN_0953,Белка,Вечер,Жилая зона,53.5,45.7,4,10,0.16,1.79,Привыкание
HAYVAN_0954,Голубь,Утро,Промышленная зона,46.1,44.1,9,10,0.1,0.62,Эксплуатация
HAYVAN_0955,Белка,Утро,Промышленная зона,74.0,42.4,3,2,0.3,1.09,Инновационность
HAYVAN_0956,Голубь,Ночь,Парк,74.1,-4.1,9,9,0.23,1.48,Инновационность
HAYVAN_0957,Енот,После полудня,Парк,51.2,48.7,1,2,0.07,1.33,Привыкание
HAYVAN_0958,Голубь,После полудня,Парк,48.1,34.6,6,9,0.21,2.05,Избегание
HAYVAN_0959,Голубь,Ночь,Промышленная зона,58.6,43.0,1,4,0.28,1.37,Эксплуатация
HAYVAN_0960,Лиса,Ночь,Торговая зона,81.7,27.4,4,9,0.26,0.54,Привыкание
HAYVAN_0961,Енот,Утро,Торговая зона,50.1,32.8,3,4,0.06,1.85,Инновационность
HAYVAN_0962,Лиса,Вечер,Жилая зона,71.8,50.0,8,5,0.61,0.44,Привыкание
HAYVAN_0963,Голубь,После полудня,Жилая зона,66.3,45.2,3,8,0.11,0.79,Привыкание
HAYVAN_0964,Голубь,Утро,Торговая зона,62.0,16.1,7,9,0.07,0.89,Привыкание
HAYVAN_0965,Голубь,Вечер,Парк,59.0,18.1,1,3,0.47,2.97,Привыкание
HAYVAN_0966,Голубь,После полудня,Парк,67.4,36.7,1,4,0.3,3.49,Привыкание
HAYVAN_0967,Голубь,Утро,Промышленная зона,61.9,33.0,10,10,0.16,0.76,Эксплуатация
HAYVAN_0968,Голубь,Утро,Промышленная зона,61.0,16.7,9,6,0.81,1.03,Эксплуатация
HAYVAN_0969,Голубь,Ночь,Жилая зона,62.9,29.1,6,8,0.47,0.36,Инновационность
HAYVAN_0970,Голубь,Вечер,Промышленная зона,76.1,19.8,9,9,0.28,1.83,Привыкание
HAYVAN_0971,Голубь,Утро,Промышленная зона,67.1,38.8,1,8,0.51,1.33,Избегание
HAYVAN_0972,Лиса,Утро,Жилая зона,65.7,64.1,6,9,0.16,1.52,Эксплуатация
HAYVAN_0973,Енот,Утро,Промышленная зона,78.8,16.4,10,8,0.28,1.31,Привыкание
HAYVAN_0974,Голубь,После полудня,Торговая зона,62.3,36.6,2,3,0.1,0.69,Эксплуатация
HAYVAN_0975,Голубь,Ночь,Промышленная зона,79.3,36.3,9,3,0.38,0.45,Привыкание
HAYVAN_0976,Енот,Утро,Торговая зона,58.2,27.0,4,1,0.16,3.4,Инновационность
HAYVAN_0977,Голубь,Утро,Парк,70.3,24.3,10,3,0.44,3.32,Привыкание
HAYVAN_0978,Енот,Ночь,Торговая зона,61.8,24.8,9,1,0.36,0.07,Эксплуатация
HAYVAN_0979,Голубь,Вечер,Жилая зона,64.3,8.0,10,5,0.14,0.0,Инновационность
HAYVAN_0980,Белка,Ночь,Промышленная зона,58.6,0.4,6,9,0.37,0.39,Избегание
HAYVAN_0981,Голубь,Ночь,Промышленная зона,62.0,17.1,6,6,0.08,2.34,Привыкание
HAYVAN_0982,Голубь,Утро,Парк,58.0,20.9,6,9,0.09,0.05,Эксплуатация
HAYVAN_0983,Енот,Утро,Парк,69.0,41.2,1,8,0.29,1.89,Инновационность
HAYVAN_0984,Голубь,Ночь,Жилая зона,56.8,13.5,9,10,0.2,1.14,Эксплуатация
HAYVAN_0985,Лиса,Утро,Парк,70.4,22.1,7,8,0.23,0.52,Эксплуатация
HAYVAN_0986,Голубь,Ночь,Промышленная зона,88.5,46.1,7,9,0.09,0.05,Эксплуатация
HAYVAN_0987,Енот,Утро,Жилая зона,49.4,41.9,7,8,0.6,0.57,Инновационность
HAYVAN_0988,Голубь,После полудня,Промышленная зона,41.3,37.2,3,5,0.46,0.5,Избегание
HAYVAN_0989,Белка,Утро,Парк,55.1,46.6,3,6,0.32,0.62,Избегание
HAYVAN_0990,Енот,Вечер,Торговая зона,72.4,69.8,5,6,0.68,2.08,Привыкание
HAYVAN_0991,Голубь,После полудня,Жилая зона,57.9,28.5,6,5,0.62,1.83,Привыкание
HAYVAN_0992,Енот,Ночь,Торговая зона,70.8,39.2,4,2,0.13,2.1,Инновационность
HAYVAN_0993,Голубь,Утро,Промышленная зона,74.5,28.1,3,4,0.07,0.95,Инновационность
HAYVAN_0994,Енот,Ночь,Промышленная зона,62.5,27.3,1,1,0.37,1.12,Эксплуатация
HAYVAN_0995,Лиса,Вечер,Промышленная зона,73.8,16.5,2,4,0.36,1.41,Инновационность
HAYVAN_0996,Голубь,Ночь,Промышленная зона,42.3,55.4,6,10,0.63,0.95,Привыкание
HAYVAN_0997,Лиса,Вечер,Парк,73.3,32.9,6,10,0.43,0.07,Инновационность
HAYVAN_0998,Голубь,После полудня,Жилая зона,73.0,53.0,8,4,0.23,2.74,Избегание
HAYVAN_0999,Енот,Вечер,Жилая зона,64.0,35.8,4,3,0.18,3.52,Привыкание
HAYVAN_1000,Голубь,После полудня,Промышленная зона,75.0,17.0,4,9,0.26,2.77,Избегание
